yfcc-batch1/722,78.7741935484
yfcc-batch1/724,73.1818181818
yfcc-batch1/717,49.6
yfcc-batch1/719,80.65625
yfcc-batch1/726,50.5
yfcc-batch1/727,68.2121212121
yfcc-batch1/734,64.4
yfcc-batch1/737,80.8484848485
yfcc-batch1/738,45.3928571429
yfcc-batch1/741,50.2702702703
yfcc-batch1/746,73.6
yfcc-batch1/744,60.4285714286
yfcc-batch1/753,63.696969697
yfcc-batch1/754,63.15625
yfcc-batch1/748,75.5161290323
yfcc-batch1/750,56.6
yfcc-batch1/751,61.8928571429
yfcc-batch1/759,59.696969697
yfcc-batch1/758,74.2258064516
yfcc-batch1/755,54.75
yfcc-batch1/757,54.7741935484
yfcc-batch1/756,52.8333333333
yfcc-batch1/760,60.4
yfcc-batch1/769,79.3448275862
yfcc-batch1/766,61.4166666667
yfcc-batch1/768,76.8666666667
yfcc-batch1/767,66.8611111111
yfcc-batch1/770,68.1176470588
yfcc-batch1/765,69.1515151515
yfcc-batch1/764,64.6774193548
yfcc-batch1/771,71.3333333333
yfcc-batch1/772,68.6111111111
yfcc-batch1/786,63.2258064516
yfcc-batch1/787,67.3513513514
yfcc-batch1/794,80.1612903226
yfcc-batch1/793,64.25
yfcc-batch1/789,70.2222222222
yfcc-batch1/795,47.0344827586
yfcc-batch1/796,56.5454545455
yfcc-batch1/798,69.3225806452
yfcc-batch1/799,59.2424242424
yfcc-batch1/801,60.2903225806
yfcc-batch1/802,79.3448275862
yfcc-batch1/800,67.3636363636
yfcc-batch1/805,71.28125
yfcc-batch1/803,59.6756756757
yfcc-batch1/804,77.0689655172
yfcc-batch1/814,47.3125
yfcc-batch1/813,77.7586206897
yfcc-batch1/820,69.0344827586
yfcc-batch1/817,66.3142857143
yfcc-batch1/818,73.696969697
yfcc-batch1/819,73.0571428571
yfcc-batch1/6,90.8235294118
yfcc-batch1/3,55.5588235294
yfcc-batch1/13,79.4482758621
yfcc-batch1/12,73.1176470588
yfcc-batch1/10,63.6551724138
yfcc-batch1/8,78.71875
yfcc-batch1/17,64.5625
yfcc-batch1/15,75.5882352941
yfcc-batch1/14,78.8055555556
yfcc-batch1/19,70.2857142857
yfcc-batch1/24,67.4571428571
yfcc-batch1/26,57.1724137931
yfcc-batch1/22,73.8666666667
yfcc-batch1/21,69.625
yfcc-batch1/20,74.7714285714
yfcc-batch1/25,82.0322580645
yfcc-batch1/28,68.275862069
yfcc-batch1/29,73.6764705882
yfcc-batch1/30,53.4444444444
yfcc-batch1/27,86.3939393939
yfcc-batch1/33,53.6857142857
yfcc-batch1/36,76.2413793103
yfcc-batch1/34,57.7272727273
yfcc-batch1/38,63.7857142857
yfcc-batch1/37,74.2580645161
yfcc-batch1/39,67.9705882353
yfcc-batch1/35,75.0857142857
yfcc-batch1/46,82.3548387097
yfcc-batch1/44,61.9705882353
yfcc-batch1/43,60.2647058824
yfcc-batch1/42,76.25
yfcc-batch1/47,84.5
yfcc-batch1/52,66.875
yfcc-batch1/48,72.3548387097
yfcc-batch1/59,59.4516129032
yfcc-batch1/53,64.21875
yfcc-batch1/55,50.3142857143
yfcc-batch1/60,54.5428571429
yfcc-batch1/65,73.6363636364
yfcc-batch1/67,82.9655172414
yfcc-batch1/64,65.9393939394
yfcc-batch1/63,62.3225806452
yfcc-batch1/62,75.0666666667
yfcc-batch1/73,46.8571428571
yfcc-batch1/69,68.09375
yfcc-batch1/75,58.5588235294
yfcc-batch1/74,63.1388888889
yfcc-batch1/77,43.4375
yfcc-batch1/78,58.6896551724
yfcc-batch1/76,72.2647058824
yfcc-batch1/82,47.5277777778
yfcc-batch1/81,65.3793103448
yfcc-batch1/88,82.8666666667
yfcc-batch1/86,77.875
yfcc-batch1/91,78.8666666667
yfcc-batch1/92,66.6842105263
yfcc-batch1/94,76.7575757576
yfcc-batch1/93,57.4827586207
yfcc-batch1/98,75.9642857143
yfcc-batch1/99,60.8484848485
yfcc-batch1/97,73.28125
yfcc-batch1/101,78.4054054054
yfcc-batch1/107,68.9705882353
yfcc-batch1/108,40.34375
yfcc-batch1/116,75.6470588235
yfcc-batch1/115,72.4848484848
yfcc-batch1/118,74.1388888889
yfcc-batch1/119,56.7142857143
yfcc-batch1/121,86
yfcc-batch1/120,70.6333333333
yfcc-batch1/123,71.15625
yfcc-batch1/124,80.3611111111
yfcc-batch1/128,67.1081081081
yfcc-batch1/127,68.7352941176
yfcc-batch1/126,76.0294117647
yfcc-batch1/134,82.84375
yfcc-batch1/136,55.0333333333
yfcc-batch1/135,85.9090909091
yfcc-batch1/142,76.2413793103
yfcc-batch1/143,71.5405405405
yfcc-batch1/154,66.15625
yfcc-batch1/152,51.5
yfcc-batch1/151,65.5
yfcc-batch1/159,88.3448275862
yfcc-batch1/163,69.8823529412
yfcc-batch1/172,68.6176470588
yfcc-batch1/171,70.7894736842
yfcc-batch1/180,62.5555555556
yfcc-batch1/179,48.5333333333
yfcc-batch1/177,79.5
yfcc-batch1/176,65.3548387097
yfcc-batch1/181,69.6470588235
yfcc-batch1/187,62.9117647059
yfcc-batch1/204,67.1428571429
yfcc-batch1/201,78.4848484848
yfcc-batch1/211,45.8064516129
yfcc-batch1/219,58.696969697
yfcc-batch1/220,71.4864864865
yfcc-batch1/225,70.5555555556
yfcc-batch1/226,63.0857142857
yfcc-batch1/224,71.0357142857
yfcc-batch1/222,52.5294117647
yfcc-batch1/231,70.1875
yfcc-batch1/230,69.1818181818
yfcc-batch1/232,65.4285714286
yfcc-batch1/235,62.6896551724
yfcc-batch1/236,69.3448275862
yfcc-batch1/249,59.8125
yfcc-batch1/248,58.5625
yfcc-batch1/251,74.875
yfcc-batch1/252,54.4705882353
yfcc-batch1/253,59.3870967742
yfcc-batch1/250,66.5
yfcc-batch1/261,74.3103448276
yfcc-batch1/259,50.1935483871
yfcc-batch1/258,84.724137931
yfcc-batch1/262,56.1621621622
yfcc-batch1/266,65.4516129032
yfcc-batch1/263,47.6285714286
yfcc-batch1/268,46.7096774194
yfcc-batch1/271,64.0967741935
yfcc-batch1/272,58.7419354839
yfcc-batch1/273,58.7142857143
yfcc-batch1/274,53.3939393939
yfcc-batch1/278,79.4230769231
yfcc-batch1/279,80.8620689655
yfcc-batch1/276,62.8125
yfcc-batch1/286,87.8709677419
yfcc-batch1/290,69.5757575758
yfcc-batch1/291,81.7142857143
yfcc-batch1/304,74.0909090909
yfcc-batch1/296,57.6285714286
yfcc-batch1/311,42.4838709677
yfcc-batch1/310,42.78125
yfcc-batch1/313,70.4705882353
yfcc-batch1/319,82.4
yfcc-batch1/324,73.03125
yfcc-batch1/326,83.3448275862
yfcc-batch1/329,79.2903225806
yfcc-batch1/350,76.7741935484
yfcc-batch1/349,61.7878787879
yfcc-batch1/351,73.25
yfcc-batch1/357,70.8387096774
yfcc-batch1/355,54.7096774194
yfcc-batch1/356,42.375
yfcc-batch1/367,76.6111111111
yfcc-batch1/375,78.9696969697
yfcc-batch1/377,72.1153846154
yfcc-batch1/376,71.3333333333
yfcc-batch1/380,70.03125
yfcc-batch1/382,70.7419354839
yfcc-batch1/385,76.2903225806
yfcc-batch1/389,41.0606060606
yfcc-batch1/392,69.8181818182
yfcc-batch1/390,32.7741935484
yfcc-batch1/388,73.6176470588
yfcc-batch1/396,66.78125
yfcc-batch1/394,69.0294117647
yfcc-batch1/399,69.9210526316
yfcc-batch1/402,76.4642857143
yfcc-batch1/406,88.8
yfcc-batch1/411,78.4722222222
yfcc-batch1/408,76.8387096774
yfcc-batch1/413,74.9473684211
yfcc-batch1/414,64.3125
yfcc-batch1/416,38.3666666667
yfcc-batch1/426,44.7428571429
yfcc-batch1/424,70.4324324324
yfcc-batch1/433,71.2571428571
yfcc-batch1/438,56.3333333333
yfcc-batch1/445,68.2647058824
yfcc-batch1/447,53.8787878788
yfcc-batch1/448,68.6315789474
yfcc-batch1/446,61.7647058824
yfcc-batch1/456,47.1875
yfcc-batch1/461,47.4848484848
yfcc-batch1/462,85.4545454545
yfcc-batch1/459,55.65625
yfcc-batch1/460,72.7352941176
yfcc-batch1/463,48.9428571429
yfcc-batch1/468,61.2666666667
yfcc-batch1/467,66.0967741935
yfcc-batch1/465,66.5
yfcc-batch1/472,69.8214285714
yfcc-batch1/477,84.4
yfcc-batch1/484,62.2647058824
yfcc-batch1/478,68
yfcc-batch1/483,61.9696969697
yfcc-batch1/481,83
yfcc-batch1/482,81.0303030303
yfcc-batch1/487,74.9677419355
yfcc-batch1/488,72.9032258065
yfcc-batch1/489,69.4545454545
yfcc-batch1/495,59.2285714286
yfcc-batch1/493,64.875
yfcc-batch1/494,73.1666666667
yfcc-batch1/496,72.7142857143
yfcc-batch1/492,66.6774193548
yfcc-batch1/503,79.2432432432
yfcc-batch1/500,77.6551724138
yfcc-batch1/499,64.1875
yfcc-batch1/502,72.1875
yfcc-batch1/504,44
yfcc-batch1/507,62.9696969697
yfcc-batch1/514,72.8484848485
yfcc-batch1/513,60.3611111111
yfcc-batch1/515,81.78125
yfcc-batch1/518,73.9117647059
yfcc-batch1/516,50.3529411765
yfcc-batch1/519,69.7428571429
yfcc-batch1/522,61.1612903226
yfcc-batch1/520,81.46875
yfcc-batch1/524,76.0714285714
yfcc-batch1/523,68.1666666667
yfcc-batch1/521,66.4411764706
yfcc-batch1/530,80.1875
yfcc-batch1/525,65.6785714286
yfcc-batch1/526,83.724137931
yfcc-batch1/529,86.8484848485
yfcc-batch1/527,91.4193548387
yfcc-batch1/535,63.2
yfcc-batch1/531,62.5675675676
yfcc-batch1/532,61.5
yfcc-batch1/533,75.1388888889
yfcc-batch1/540,90.1851851852
yfcc-batch1/539,20.78125
yfcc-batch1/538,62.9117647059
yfcc-batch1/549,69.064516129
yfcc-batch1/551,69.6363636364
yfcc-batch1/550,66.7647058824
yfcc-batch1/553,77.3225806452
yfcc-batch1/555,58.9117647059
yfcc-batch1/556,74.8125
yfcc-batch1/552,73.6206896552
yfcc-batch1/562,78.9375
yfcc-batch1/563,68.1212121212
yfcc-batch1/564,79.3103448276
yfcc-batch1/568,40.7428571429
yfcc-batch1/567,79.65625
yfcc-batch1/570,71.9210526316
yfcc-batch1/573,73.9333333333
yfcc-batch1/575,62.375
yfcc-batch1/578,45.5806451613
yfcc-batch1/577,72.2058823529
yfcc-batch1/581,82.2352941176
yfcc-batch1/576,81.1666666667
yfcc-batch1/580,62.7428571429
yfcc-batch1/579,67.3225806452
yfcc-batch1/582,58.6451612903
yfcc-batch1/587,69.6666666667
yfcc-batch1/590,60.03125
yfcc-batch1/592,70.8780487805
yfcc-batch1/595,61.3529411765
yfcc-batch1/598,59.8181818182
yfcc-batch1/599,69.6451612903
yfcc-batch1/596,63.5454545455
yfcc-batch1/597,61.9032258065
yfcc-batch1/607,38.9459459459
yfcc-batch1/610,53.6666666667
yfcc-batch1/617,38.03125
yfcc-batch1/611,67.78125
yfcc-batch1/613,68.0833333333
yfcc-batch1/629,72.4411764706
yfcc-batch1/631,65.6451612903
yfcc-batch1/627,76.9142857143
yfcc-batch1/626,60.4848484848
yfcc-batch1/632,80.2903225806
yfcc-batch1/634,60.6176470588
yfcc-batch1/640,35.6571428571
yfcc-batch1/645,75.4375
yfcc-batch1/649,79.9
yfcc-batch1/655,69.6875
yfcc-batch1/657,73.1714285714
yfcc-batch1/663,72.303030303
yfcc-batch1/660,72.9473684211
yfcc-batch1/672,68.8787878788
yfcc-batch1/686,69.6451612903
yfcc-batch1/689,74.4166666667
yfcc-batch1/688,72.65625
yfcc-batch1/691,74.5925925926
yfcc-batch1/693,48.303030303
yfcc-batch1/702,75.6129032258
yfcc-batch1/696,80.7096774194
yfcc-batch1/701,65.9666666667
yfcc-batch1/705,70.7647058824
yfcc-batch1/706,64.4285714286
yfcc-batch1/709,74.7419354839
yfcc-batch1/703,64.1612903226
yfcc-batch1/707,58.9117647059
yfcc-batch1/710,84.625
yfcc-batch1/712,79.5517241379
yfcc-batch1/711,70.8709677419
yfcc-batch1/720,58.6666666667
yfcc-batch1/723,75.2285714286
yfcc-batch2/1199,64.4716981132
yfcc-batch2/1204,86.7254901961
yfcc-batch2/1213,85.1379310345
yfcc-batch2/1218,74.44
yfcc-batch2/1219,67.7115384615
yfcc-batch2/1233,78.1041666667
yfcc-batch2/1240,45.0555555556
yfcc-batch2/1239,70.1964285714
yfcc-batch2/1250,55.4528301887
yfcc-batch2/1249,71.7083333333
yfcc-batch2/1254,79.2448979592
yfcc-batch2/1260,51.2307692308
yfcc-batch2/1261,62.2244897959
yfcc-batch2/1263,70.7358490566
yfcc-batch2/1270,68.5833333333
yfcc-batch2/1278,80.4693877551
yfcc-batch2/1280,62.6875
yfcc-batch2/1281,71.14
yfcc-batch2/1282,47.775862069
yfcc-batch2/1288,64.0416666667
yfcc-batch2/1307,68.4888888889
yfcc-batch2/1317,77.1923076923
yfcc-batch2/1323,66.14
yfcc-batch2/1338,58.6545454545
yfcc-batch2/1340,59.6086956522
yfcc-batch2/1381,77.6470588235
yfcc-batch2/1383,59.170212766
yfcc-batch2/1394,45.7346938776
yfcc-batch2/1409,81.0892857143
yfcc-batch2/1414,65
yfcc-batch2/1422,66.4807692308
yfcc-batch2/1427,68.4259259259
yfcc-batch2/1447,66.1346153846
yfcc-batch2/1454,73.152173913
yfcc-batch2/1462,64.8043478261
yfcc-batch2/1472,68.8367346939
yfcc-batch2/1476,80.2115384615
yfcc-batch2/1483,68.4090909091
yfcc-batch2/1492,76.5283018868
yfcc-batch2/1502,82.9038461538
yfcc-batch2/1506,82.94
yfcc-batch2/1509,85.6730769231
yfcc-batch2/1523,81.5744680851
yfcc-batch2/1533,81.1785714286
yfcc-batch2/1542,58.8846153846
yfcc-batch2/1548,41.0576923077
yfcc-batch2/1553,61.3673469388
yfcc-batch2/1558,68.72
yfcc-batch2/1566,85.5416666667
yfcc-batch2/1574,72.6153846154
yfcc-batch2/1580,67.1555555556
yfcc-batch2/1579,61.34
yfcc-batch2/1586,78.5714285714
yfcc-batch2/1600,70.42
yfcc-batch2/1625,55.3148148148
yfcc-batch2/1631,73.6382978723
yfcc-batch2/1633,87.9574468085
yfcc-batch2/1636,80.52
yfcc-batch2/828,70.4423076923
yfcc-batch2/838,67.1132075472
yfcc-batch2/851,77.1555555556
yfcc-batch2/856,79.6530612245
yfcc-batch2/871,49.78
yfcc-batch2/875,69.5882352941
yfcc-batch2/882,65.3392857143
yfcc-batch2/885,72.6530612245
yfcc-batch2/891,66.7307692308
yfcc-batch2/892,72.2641509434
yfcc-batch2/893,75.16
yfcc-batch2/903,73.7254901961
yfcc-batch2/910,58.8703703704
yfcc-batch2/923,68.7777777778
yfcc-batch2/926,70.0434782609
yfcc-batch2/925,48.5111111111
yfcc-batch2/924,60.6153846154
yfcc-batch2/928,67.0192307692
yfcc-batch2/930,72.1481481481
yfcc-batch2/945,72.5714285714
yfcc-batch2/951,56.7291666667
yfcc-batch2/962,70.5283018868
yfcc-batch2/974,58.9130434783
yfcc-batch2/981,67.3888888889
yfcc-batch2/994,79.2916666667
yfcc-batch2/996,83.3125
yfcc-batch2/1007,51.829787234
yfcc-batch2/1008,76.5833333333
yfcc-batch2/1009,54.6037735849
yfcc-batch2/1018,75.1063829787
yfcc-batch2/1021,65.0555555556
yfcc-batch2/1031,80.4901960784
yfcc-batch2/1034,76.64
yfcc-batch2/1038,58.9215686275
yfcc-batch2/1042,58.625
yfcc-batch2/1041,63.0869565217
yfcc-batch2/1053,55.4107142857
yfcc-batch2/1057,75.0869565217
yfcc-batch2/1062,73.8775510204
yfcc-batch2/1067,63.3214285714
yfcc-batch2/1069,70.8518518519
yfcc-batch2/1078,63.5849056604
yfcc-batch2/1103,69.0408163265
yfcc-batch2/1111,88.6976744186
yfcc-batch2/1112,48.375
yfcc-batch2/1115,68.9038461538
yfcc-batch2/1133,73.4375
yfcc-batch2/1144,74.7142857143
yfcc-batch2/1147,60.137254902
yfcc-batch2/1161,64.2068965517
yfcc-batch2/1168,74.320754717
yfcc-batch2/1172,73.66
yfcc-batch2/1173,80.5106382979
yfcc-batch2/1175,62.75
yfcc-batch2/1178,68.5283018868
yfcc-batch2/1187,58.1886792453
yfcc-batch3/2013,63.5333333333
yfcc-batch3/2023,57.2972972973
yfcc-batch3/2037,61.7272727273
yfcc-batch3/2064,51.9714285714
yfcc-batch3/2065,62.7
yfcc-batch3/2073,78.9714285714
yfcc-batch3/2092,56.9
yfcc-batch3/2099,59.9428571429
yfcc-batch3/2100,68.2285714286
yfcc-batch3/2101,77
yfcc-batch3/2109,67.0285714286
yfcc-batch3/2117,75.8
yfcc-batch3/2122,76.8484848485
yfcc-batch3/2124,66.5882352941
yfcc-batch3/2141,68.5135135135
yfcc-batch3/2143,62.7894736842
yfcc-batch3/2149,67.1315789474
yfcc-batch3/2159,65.6285714286
yfcc-batch3/2184,56.9411764706
yfcc-batch3/2188,70.1935483871
yfcc-batch3/2195,61.7297297297
yfcc-batch3/2203,66.2
yfcc-batch3/2207,59.303030303
yfcc-batch3/2211,60.4318181818
yfcc-batch3/2224,66.953125
yfcc-batch3/2225,75.1142857143
yfcc-batch3/2226,72.8205128205
yfcc-batch3/2229,82
yfcc-batch3/2236,82.5142857143
yfcc-batch3/2247,61
yfcc-batch3/2281,56.7368421053
yfcc-batch3/2282,65.2
yfcc-batch3/2289,68.6470588235
yfcc-batch3/2297,55.696969697
yfcc-batch3/2310,61.0888888889
yfcc-batch3/2318,58.6944444444
yfcc-batch3/2321,63.6885245902
yfcc-batch3/2327,82.6666666667
yfcc-batch3/2330,66.9375
yfcc-batch3/2333,74.7209302326
yfcc-batch3/2339,58.5384615385
yfcc-batch3/2342,56.4166666667
yfcc-batch3/2373,62.7317073171
yfcc-batch3/2378,70.7027027027
yfcc-batch3/2382,72.02
yfcc-batch3/2389,66.7714285714
yfcc-batch3/2398,70.9705882353
yfcc-batch3/2406,66.8
yfcc-batch3/2409,79.0256410256
yfcc-batch3/2415,62.2972972973
yfcc-batch3/2428,53.0857142857
yfcc-batch3/2449,64.2857142857
yfcc-batch3/2450,76.8947368421
yfcc-batch3/2459,71.7777777778
yfcc-batch3/1648,75.6857142857
yfcc-batch3/1653,66.4242424242
yfcc-batch3/1662,52.6944444444
yfcc-batch3/1667,76.1290322581
yfcc-batch3/1672,54.8055555556
yfcc-batch3/1673,59.7058823529
yfcc-batch3/1688,63.6666666667
yfcc-batch3/1701,75.935483871
yfcc-batch3/1702,81.3
yfcc-batch3/1706,46.75
yfcc-batch3/1712,63.4444444444
yfcc-batch3/1713,74.3529411765
yfcc-batch3/1715,72
yfcc-batch3/1718,60.6176470588
yfcc-batch3/1721,72.696969697
yfcc-batch3/1725,59.6578947368
yfcc-batch3/1727,63.9142857143
yfcc-batch3/1731,70.962962963
yfcc-batch3/1736,63.6111111111
yfcc-batch3/1749,74.8823529412
yfcc-batch3/1751,66.1621621622
yfcc-batch3/1757,72.9117647059
yfcc-batch3/1762,58.3636363636
yfcc-batch3/1767,65.5384615385
yfcc-batch3/1777,58.3513513514
yfcc-batch3/1784,65.3888888889
yfcc-batch3/1788,71.7714285714
yfcc-batch3/1791,72.3783783784
yfcc-batch3/1794,65.7352941176
yfcc-batch3/1800,70.3055555556
yfcc-batch3/1815,70.2222222222
yfcc-batch3/1816,61.46
yfcc-batch3/1838,76.5
yfcc-batch3/1840,56.2222222222
yfcc-batch3/1849,68.1388888889
yfcc-batch3/1852,65.2258064516
yfcc-batch3/1859,70
yfcc-batch3/1870,70.0303030303
yfcc-batch3/1871,71.9428571429
yfcc-batch3/1878,75.2
yfcc-batch3/1882,65.2258064516
yfcc-batch3/1889,78.7272727273
yfcc-batch3/1905,70.7941176471
yfcc-batch3/1909,75.3846153846
yfcc-batch3/1918,70.3939393939
yfcc-batch3/1919,61.6666666667
yfcc-batch3/1936,58.2941176471
yfcc-batch3/1938,68.7297297297
yfcc-batch3/1939,52.8888888889
yfcc-batch3/1952,72.15625
yfcc-batch3/1955,72.5833333333
yfcc-batch3/1956,70.4054054054
yfcc-batch3/1957,45.0303030303
yfcc-batch3/1962,67.8529411765
yfcc-batch3/1967,59.1481481481
yfcc-batch3/1987,55.4358974359
yfcc-batch3/1997,82.2307692308
yfcc-batch3/1999,73.1818181818
yfcc-batch4/2827,72.3235294118
yfcc-batch4/2830,59.8648648649
yfcc-batch4/2837,67.0833333333
yfcc-batch4/2844,42.4166666667
yfcc-batch4/2861,71.6285714286
yfcc-batch4/2866,64.8684210526
yfcc-batch4/2870,85.2
yfcc-batch4/2876,81.8108108108
yfcc-batch4/2880,78.4722222222
yfcc-batch4/2893,76.2058823529
yfcc-batch4/2908,63.2702702703
yfcc-batch4/2919,70.8285714286
yfcc-batch4/2948,69.1388888889
yfcc-batch4/2955,47.0882352941
yfcc-batch4/2956,78.8823529412
yfcc-batch4/2965,59.6486486486
yfcc-batch4/2967,59.6470588235
yfcc-batch4/2968,62.2647058824
yfcc-batch4/2990,65.9166666667
yfcc-batch4/2999,59.6216216216
yfcc-batch4/3010,82.4571428571
yfcc-batch4/3014,66.9473684211
yfcc-batch4/3024,68.0263157895
yfcc-batch4/3027,68.6857142857
yfcc-batch4/3034,75.3333333333
yfcc-batch4/3039,75.4444444444
yfcc-batch4/3058,67.2972972973
yfcc-batch4/3060,65.5636363636
yfcc-batch4/3065,59.1794871795
yfcc-batch4/3079,64.6285714286
yfcc-batch4/3082,65.25
yfcc-batch4/3096,76.6756756757
yfcc-batch4/3099,60.5405405405
yfcc-batch4/3103,66.0285714286
yfcc-batch4/3106,69.9473684211
yfcc-batch4/3124,71.1714285714
yfcc-batch4/3125,66.9433962264
yfcc-batch4/3145,77.6388888889
yfcc-batch4/3149,80.8529411765
yfcc-batch4/3150,57.0285714286
yfcc-batch4/3155,70.8571428571
yfcc-batch4/3156,73.7567567568
yfcc-batch4/3160,70.2972972973
yfcc-batch4/3169,78.6
yfcc-batch4/3175,68.3142857143
yfcc-batch4/3181,63.1428571429
yfcc-batch4/3186,69.3611111111
yfcc-batch4/3195,67.4324324324
yfcc-batch4/3203,60.1764705882
yfcc-batch4/3206,74.1081081081
yfcc-batch4/3224,61.5675675676
yfcc-batch4/3231,71.6153846154
yfcc-batch4/3258,60.1176470588
yfcc-batch4/3259,76.7297297297
yfcc-batch4/3276,58.8378378378
yfcc-batch4/2936,67.0789473684
yfcc-batch4/3107,82.9473684211
yfcc-batch4/2466,62.0810810811
yfcc-batch4/2476,69.3529411765
yfcc-batch4/2477,70.4705882353
yfcc-batch4/2478,69.0555555556
yfcc-batch4/2483,67.6
yfcc-batch4/2494,53.4736842105
yfcc-batch4/2496,71.0833333333
yfcc-batch4/2501,74.8823529412
yfcc-batch4/2505,67.9166666667
yfcc-batch4/2509,57.2972972973
yfcc-batch4/2513,65.5555555556
yfcc-batch4/2527,74.9142857143
yfcc-batch4/2542,60.1081081081
yfcc-batch4/2552,64.5277777778
yfcc-batch4/2558,63.8181818182
yfcc-batch4/2580,59.7567567568
yfcc-batch4/2581,67.8611111111
yfcc-batch4/2594,71.2571428571
yfcc-batch4/2596,56.5675675676
yfcc-batch4/2601,76.1621621622
yfcc-batch4/2607,65.7297297297
yfcc-batch4/2610,51.3428571429
yfcc-batch4/2612,65.0833333333
yfcc-batch4/2613,75.4
yfcc-batch4/2631,53.8285714286
yfcc-batch4/2636,78.4680851064
yfcc-batch4/2640,75.8888888889
yfcc-batch4/2648,76.2571428571
yfcc-batch4/2649,76.1935483871
yfcc-batch4/2653,74.1212121212
yfcc-batch4/2658,54.3333333333
yfcc-batch4/2668,59.7297297297
yfcc-batch4/2685,72.75
yfcc-batch4/2688,55.6944444444
yfcc-batch4/2690,58.8285714286
yfcc-batch4/2691,49.5714285714
yfcc-batch4/2705,61.8055555556
yfcc-batch4/2731,76.4358974359
yfcc-batch4/2752,78
yfcc-batch4/2754,48.2424242424
yfcc-batch4/2769,65.7894736842
yfcc-batch4/2771,27.6
yfcc-batch4/2774,59.6756756757
yfcc-batch4/2781,71.5428571429
yfcc-batch4/2784,63.75
yfcc-batch4/2815,72.0857142857
yfcc-batch4/2819,82.4615384615
yfcc-batch5/3660,61.4117647059
yfcc-batch5/3665,74.4117647059
yfcc-batch5/3670,70.8378378378
yfcc-batch5/3673,61.6666666667
yfcc-batch5/3676,62.6571428571
yfcc-batch5/3677,61.8888888889
yfcc-batch5/3683,71.4285714286
yfcc-batch5/3684,84
yfcc-batch5/3698,64.625
yfcc-batch5/3708,51.1111111111
yfcc-batch5/3713,57.1842105263
yfcc-batch5/3737,71.1621621622
yfcc-batch5/3739,75.6857142857
yfcc-batch5/3754,67.6388888889
yfcc-batch5/3767,76.75
yfcc-batch5/3768,67.5
yfcc-batch5/3771,70.3714285714
yfcc-batch5/3779,60.5454545455
yfcc-batch5/3783,72.8857142857
yfcc-batch5/3785,58.5263157895
yfcc-batch5/3791,70.6060606061
yfcc-batch5/3821,66.2580645161
yfcc-batch5/3823,71
yfcc-batch5/3824,76.1470588235
yfcc-batch5/3836,67.4864864865
yfcc-batch5/3844,70.7058823529
yfcc-batch5/3884,67.5
yfcc-batch5/3920,81.7714285714
yfcc-batch5/3922,52.1111111111
yfcc-batch5/3924,47.6052631579
yfcc-batch5/3926,58.3714285714
yfcc-batch5/3935,78.9142857143
yfcc-batch5/3937,67.6857142857
yfcc-batch5/3947,73.9090909091
yfcc-batch5/3955,69.9411764706
yfcc-batch5/3972,64.6060606061
yfcc-batch5/3988,57.4166666667
yfcc-batch5/3989,67.8857142857
yfcc-batch5/3999,75.2894736842
yfcc-batch5/4024,58.0555555556
yfcc-batch5/4025,61.8888888889
yfcc-batch5/4027,47.4210526316
yfcc-batch5/4036,66.4571428571
yfcc-batch5/4056,82.4857142857
yfcc-batch5/4065,76.3421052632
yfcc-batch5/4072,78.5405405405
yfcc-batch5/4076,76.5405405405
yfcc-batch5/4084,60.4571428571
yfcc-batch5/4092,63.2972972973
yfcc-batch5/4096,87.2352941176
yfcc-batch5/4098,71.5526315789
yfcc-batch5/3393,68
yfcc-batch5/3431,78.4444444444
yfcc-batch5/4073,69.6216216216
yfcc-batch5/3281,79.9705882353
yfcc-batch5/3297,54.5277777778
yfcc-batch5/3301,69.2857142857
yfcc-batch5/3304,70.1636363636
yfcc-batch5/3325,70.5625
yfcc-batch5/3326,77.2222222222
yfcc-batch5/3327,59.5
yfcc-batch5/3341,64.2941176471
yfcc-batch5/3345,68.2258064516
yfcc-batch5/3346,62.8571428571
yfcc-batch5/3360,53.6756756757
yfcc-batch5/3367,55.4324324324
yfcc-batch5/3382,58.0588235294
yfcc-batch5/3397,81.6111111111
yfcc-batch5/3401,58.2777777778
yfcc-batch5/3406,83.3055555556
yfcc-batch5/3408,71.2222222222
yfcc-batch5/3424,73.6285714286
yfcc-batch5/3433,71.9142857143
yfcc-batch5/3434,57.5588235294
yfcc-batch5/3435,80.1944444444
yfcc-batch5/3437,76.9166666667
yfcc-batch5/3440,64.5277777778
yfcc-batch5/3444,57.2647058824
yfcc-batch5/3470,70.5
yfcc-batch5/3475,70.1842105263
yfcc-batch5/3479,81.6857142857
yfcc-batch5/3480,80.8125
yfcc-batch5/3481,74.6470588235
yfcc-batch5/3497,75.2222222222
yfcc-batch5/3519,53.1621621622
yfcc-batch5/3520,52.7647058824
yfcc-batch5/3539,76.4117647059
yfcc-batch5/3555,73.5945945946
yfcc-batch5/3559,76.3333333333
yfcc-batch5/3569,57.1052631579
yfcc-batch5/3577,56.75
yfcc-batch5/3582,67.2424242424
yfcc-batch5/3596,70.8888888889
yfcc-batch5/3605,74.6216216216
yfcc-batch5/3619,67.5675675676
yfcc-batch5/3628,65.8055555556
yfcc-batch5/3629,63.2162162162
yfcc-batch5/3640,71.9166666667
yfcc-batch6/4466,66.2702702703
yfcc-batch6/4467,63.4210526316
yfcc-batch6/4471,74.2631578947
yfcc-batch6/4485,70.6571428571
yfcc-batch6/4486,72.375
yfcc-batch6/4493,79.8823529412
yfcc-batch6/4502,75.25
yfcc-batch6/4510,70.1904761905
yfcc-batch6/4511,75.6388888889
yfcc-batch6/4520,59.7837837838
yfcc-batch6/4522,78.4285714286
yfcc-batch6/4524,67.3333333333
yfcc-batch6/4542,79.5555555556
yfcc-batch6/4544,71.4166666667
yfcc-batch6/4545,68.9736842105
yfcc-batch6/4546,67.9473684211
yfcc-batch6/4552,72.2058823529
yfcc-batch6/4563,35.8684210526
yfcc-batch6/4564,81.9090909091
yfcc-batch6/4570,77.4210526316
yfcc-batch6/4574,65.7058823529
yfcc-batch6/4576,52.1944444444
yfcc-batch6/4578,74.3783783784
yfcc-batch6/4591,66.3888888889
yfcc-batch6/4594,50.2777777778
yfcc-batch6/4600,71.3611111111
yfcc-batch6/4604,73.0555555556
yfcc-batch6/4613,50.5675675676
yfcc-batch6/4621,69.4736842105
yfcc-batch6/4633,79
yfcc-batch6/4644,72.8
yfcc-batch6/4654,72.7714285714
yfcc-batch6/4655,56.8
yfcc-batch6/4661,58.5833333333
yfcc-batch6/4671,63.7631578947
yfcc-batch6/4681,79.0294117647
yfcc-batch6/4687,41.3055555556
yfcc-batch6/4699,74.0285714286
yfcc-batch6/4702,55.701754386
yfcc-batch6/4716,74.9142857143
yfcc-batch6/4727,65.5714285714
yfcc-batch6/4728,61.3055555556
yfcc-batch6/4730,69.4722222222
yfcc-batch6/4745,68.6857142857
yfcc-batch6/4746,75.2058823529
yfcc-batch6/4749,54.6285714286
yfcc-batch6/4750,64.5757575758
yfcc-batch6/4752,79.1944444444
yfcc-batch6/4757,70.6764705882
yfcc-batch6/4758,69.9090909091
yfcc-batch6/4759,71.75
yfcc-batch6/4762,69.5588235294
yfcc-batch6/4767,63.7352941176
yfcc-batch6/4771,79.1944444444
yfcc-batch6/4775,59.8484848485
yfcc-batch6/4789,54.7777777778
yfcc-batch6/4794,73.2777777778
yfcc-batch6/4801,74.2857142857
yfcc-batch6/4802,77.5405405405
yfcc-batch6/4805,73.6111111111
yfcc-batch6/4807,64.1891891892
yfcc-batch6/4809,79.2941176471
yfcc-batch6/4812,71.7647058824
yfcc-batch6/4813,72.8235294118
yfcc-batch6/4819,63.972972973
yfcc-batch6/4823,78.2058823529
yfcc-batch6/4826,72.9166666667
yfcc-batch6/4841,78.2571428571
yfcc-batch6/4856,78.4102564103
yfcc-batch6/4860,72.3333333333
yfcc-batch6/4868,74.85
yfcc-batch6/4869,63.0882352941
yfcc-batch6/4875,56.2222222222
yfcc-batch6/4876,79.9459459459
yfcc-batch6/4877,71.3513513514
yfcc-batch6/4884,60.4444444444
yfcc-batch6/4885,49.8888888889
yfcc-batch6/4888,62.8888888889
yfcc-batch6/4891,73.0857142857
yfcc-batch6/4892,66.0975609756
yfcc-batch6/4898,74.8285714286
yfcc-batch6/4909,47.5142857143
yfcc-batch6/4912,69.8113207547
yfcc-batch6/4916,67.2058823529
yfcc-batch6/4917,66.3611111111
yfcc-batch6/4918,48.4736842105
yfcc-batch6/4788,43.9705882353
yfcc-batch6/4107,57.9473684211
yfcc-batch6/4110,75.2
yfcc-batch6/4113,76.3333333333
yfcc-batch6/4126,82.3333333333
yfcc-batch6/4139,75.5555555556
yfcc-batch6/4143,74.9428571429
yfcc-batch6/4149,66.5454545455
yfcc-batch6/4186,71.1538461538
yfcc-batch6/4187,67.7222222222
yfcc-batch6/4191,73.6571428571
yfcc-batch6/4199,73.1111111111
yfcc-batch6/4205,85.5833333333
yfcc-batch6/4229,82.4
yfcc-batch6/4231,60.1842105263
yfcc-batch6/4240,78.2058823529
yfcc-batch6/4256,80.6388888889
yfcc-batch6/4270,69.1914893617
yfcc-batch6/4271,72.2162162162
yfcc-batch6/4277,68.5882352941
yfcc-batch6/4284,75.1842105263
yfcc-batch6/4301,49.972972973
yfcc-batch6/4307,71.1764705882
yfcc-batch6/4319,62.5714285714
yfcc-batch6/4325,72.7368421053
yfcc-batch6/4327,55.1621621622
yfcc-batch6/4359,64.3947368421
yfcc-batch6/4361,52.8888888889
yfcc-batch6/4362,72.4722222222
yfcc-batch6/4369,62.6764705882
yfcc-batch6/4390,66.4117647059
yfcc-batch6/4417,75.7714285714
yfcc-batch6/4434,58.4285714286
yfcc-batch6/4436,70.0882352941
yfcc-batch6/4438,59.7368421053
yfcc-batch6/4442,79.6285714286
yfcc-batch6/4443,74.53125
yfcc-batch6/4444,65.1388888889
yfcc-batch6/4454,72.0277777778
yfcc-batch6/4456,79.5526315789
yfcc-batch7/5307,70.3333333333
yfcc-batch7/5331,64.2571428571
yfcc-batch7/5338,62.8157894737
yfcc-batch7/5341,77
yfcc-batch7/5352,71.1764705882
yfcc-batch7/5361,79.9722222222
yfcc-batch7/5363,62.7567567568
yfcc-batch7/5382,63.7631578947
yfcc-batch7/5396,72.2
yfcc-batch7/5409,74.2972972973
yfcc-batch7/5411,66.0512820513
yfcc-batch7/5412,62.5833333333
yfcc-batch7/5430,67.9444444444
yfcc-batch7/5439,73.6111111111
yfcc-batch7/5447,68.641025641
yfcc-batch7/5449,65.2285714286
yfcc-batch7/5462,39.8461538462
yfcc-batch7/5494,71.3428571429
yfcc-batch7/5496,71.3333333333
yfcc-batch7/5508,77.25
yfcc-batch7/5518,72.1025641026
yfcc-batch7/5531,63.6756756757
yfcc-batch7/5533,59.3611111111
yfcc-batch7/5541,56.1282051282
yfcc-batch7/5542,76.5675675676
yfcc-batch7/5549,69.4166666667
yfcc-batch7/5556,50.4473684211
yfcc-batch7/5576,56.6842105263
yfcc-batch7/5586,74.8947368421
yfcc-batch7/5594,62.9736842105
yfcc-batch7/5599,53.1176470588
yfcc-batch7/5602,68.8285714286
yfcc-batch7/5604,69.2894736842
yfcc-batch7/5620,77.0526315789
yfcc-batch7/5629,34.4166666667
yfcc-batch7/5656,67.3529411765
yfcc-batch7/5664,79.1666666667
yfcc-batch7/5668,70.4722222222
yfcc-batch7/5675,84.7647058824
yfcc-batch7/5680,45.2571428571
yfcc-batch7/5687,67.975
yfcc-batch7/5712,69.6111111111
yfcc-batch7/5715,64.9411764706
yfcc-batch7/5725,76.8205128205
yfcc-batch7/5732,75.0810810811
yfcc-batch7/5736,64.7428571429
yfcc-batch7/5154,60.0540540541
yfcc-batch7/4923,71.9166666667
yfcc-batch7/4928,77.8235294118
yfcc-batch7/4929,66.0277777778
yfcc-batch7/4941,71.5428571429
yfcc-batch7/4957,66.25
yfcc-batch7/4973,58.5428571429
yfcc-batch7/4977,75.8648648649
yfcc-batch7/4986,60.1142857143
yfcc-batch7/4994,72.1052631579
yfcc-batch7/5000,58.25
yfcc-batch7/5009,68.8378378378
yfcc-batch7/5010,59.0540540541
yfcc-batch7/5033,47.6857142857
yfcc-batch7/5045,74.2702702703
yfcc-batch7/5048,78.2285714286
yfcc-batch7/5056,68.8285714286
yfcc-batch7/5085,73.1944444444
yfcc-batch7/5099,67.9473684211
yfcc-batch7/5106,73.3235294118
yfcc-batch7/5127,62.1388888889
yfcc-batch7/5129,61.7894736842
yfcc-batch7/5146,46.6842105263
yfcc-batch7/5153,67.6666666667
yfcc-batch7/5163,64.25
yfcc-batch7/5168,67.3055555556
yfcc-batch7/5179,72.625
yfcc-batch7/5185,74.4102564103
yfcc-batch7/5202,70.2222222222
yfcc-batch7/5203,65.5277777778
yfcc-batch7/5207,50.3428571429
yfcc-batch7/5215,76.1666666667
yfcc-batch7/5216,77.4324324324
yfcc-batch7/5218,65.5294117647
yfcc-batch7/5221,67.375
yfcc-batch7/5223,83.1666666667
yfcc-batch7/5224,80.303030303
yfcc-batch7/5244,78.0285714286
yfcc-batch7/5246,62.6842105263
yfcc-batch7/5263,79.2972972973
yfcc-batch7/5267,62.4871794872
yfcc-batch7/5268,71.0277777778
yfcc-batch7/5275,76.9705882353
yfcc-batch7/5277,59.4102564103
yfcc-batch8/6118,71.7435897436
yfcc-batch8/6142,61.3684210526
yfcc-batch8/6143,56.9
yfcc-batch8/6151,59.3714285714
yfcc-batch8/6153,84.0857142857
yfcc-batch8/6158,77.9411764706
yfcc-batch8/6167,71.6388888889
yfcc-batch8/6169,68.15625
yfcc-batch8/6172,61.7380952381
yfcc-batch8/6189,60.0540540541
yfcc-batch8/6193,77.3421052632
yfcc-batch8/6196,65.4102564103
yfcc-batch8/6199,85.3243243243
yfcc-batch8/6226,71.8378378378
yfcc-batch8/6240,63.347826087
yfcc-batch8/6241,70.0789473684
yfcc-batch8/6262,71.7297297297
yfcc-batch8/6265,64.2571428571
yfcc-batch8/6266,80.0638297872
yfcc-batch8/6273,77.0512820513
yfcc-batch8/6274,81.9473684211
yfcc-batch8/6275,74.8108108108
yfcc-batch8/6277,79.6285714286
yfcc-batch8/6281,78.6944444444
yfcc-batch8/6287,72.5277777778
yfcc-batch8/6299,55.0277777778
yfcc-batch8/6303,68.3157894737
yfcc-batch8/6316,63.4864864865
yfcc-batch8/6317,63.3142857143
yfcc-batch8/6320,68.8
yfcc-batch8/6323,77.8857142857
yfcc-batch8/6328,67.4166666667
yfcc-batch8/6340,45.0810810811
yfcc-batch8/6345,70.8974358974
yfcc-batch8/6376,35.0810810811
yfcc-batch8/6392,70.0789473684
yfcc-batch8/6395,65.3428571429
yfcc-batch8/6406,53.3888888889
yfcc-batch8/6421,74.4848484848
yfcc-batch8/6422,58.1515151515
yfcc-batch8/6423,77.9459459459
yfcc-batch8/6426,64.8918918919
yfcc-batch8/6438,65.0833333333
yfcc-batch8/6442,73.6857142857
yfcc-batch8/6451,70.8157894737
yfcc-batch8/6455,70.4054054054
yfcc-batch8/6465,58.9285714286
yfcc-batch8/6497,67.9743589744
yfcc-batch8/6507,72.8108108108
yfcc-batch8/6516,78.8125
yfcc-batch8/6521,62.976744186
yfcc-batch8/6530,64.975
yfcc-batch8/5841,67.696969697
yfcc-batch8/6536,74.9428571429
yfcc-batch8/5742,72.5
yfcc-batch8/5745,84.1739130435
yfcc-batch8/5748,58.2424242424
yfcc-batch8/5754,59.125
yfcc-batch8/5758,60.2894736842
yfcc-batch8/5765,80.2432432432
yfcc-batch8/5768,66.8833333333
yfcc-batch8/5769,65.303030303
yfcc-batch8/5775,70.4864864865
yfcc-batch8/5784,67.3157894737
yfcc-batch8/5811,56.2307692308
yfcc-batch8/5813,75.2972972973
yfcc-batch8/5817,58.8888888889
yfcc-batch8/5838,69.6666666667
yfcc-batch8/5846,54.0512820513
yfcc-batch8/5865,41.5
yfcc-batch8/5871,70.71875
yfcc-batch8/5872,65.7714285714
yfcc-batch8/5896,74.6923076923
yfcc-batch8/5920,74.1081081081
yfcc-batch8/5925,73.2820512821
yfcc-batch8/5942,66.625
yfcc-batch8/5950,71.25
yfcc-batch8/5952,76.6315789474
yfcc-batch8/5957,62.6216216216
yfcc-batch8/5971,65.2592592593
yfcc-batch8/5980,71.5384615385
yfcc-batch8/5985,67
yfcc-batch8/5997,85.4117647059
yfcc-batch8/6006,69.4571428571
yfcc-batch8/6008,63.6315789474
yfcc-batch8/6012,55.8055555556
yfcc-batch8/6013,80.2162162162
yfcc-batch8/6016,75.3243243243
yfcc-batch8/6022,43.875
yfcc-batch8/6032,65.7222222222
yfcc-batch8/6044,66.9722222222
yfcc-batch8/6055,70.3783783784
yfcc-batch8/6084,68.1724137931
yfcc-batch8/6098,43.2571428571
yfcc-batch9/6925,62.4571428571
yfcc-batch9/6928,81.1428571429
yfcc-batch9/6931,70.1666666667
yfcc-batch9/6938,76
yfcc-batch9/6945,65.4242424242
yfcc-batch9/6951,69.4324324324
yfcc-batch9/6954,79.6571428571
yfcc-batch9/6975,69.0857142857
yfcc-batch9/6979,66.8108108108
yfcc-batch9/6985,64.2105263158
yfcc-batch9/7008,71.2631578947
yfcc-batch9/7007,69.5957446809
yfcc-batch9/7009,65.2162162162
yfcc-batch9/7022,79.3783783784
yfcc-batch9/7043,54.5
yfcc-batch9/7046,76.0285714286
yfcc-batch9/7053,57.4594594595
yfcc-batch9/7057,60.9189189189
yfcc-batch9/7059,77.6
yfcc-batch9/7067,75.2058823529
yfcc-batch9/7080,74.71875
yfcc-batch9/7082,47.1428571429
yfcc-batch9/7089,67.8571428571
yfcc-batch9/7102,72.8055555556
yfcc-batch9/7118,71.5675675676
yfcc-batch9/7124,69.5535714286
yfcc-batch9/7129,63.0540540541
yfcc-batch9/7132,73.1351351351
yfcc-batch9/7135,58
yfcc-batch9/7143,78.5277777778
yfcc-batch9/7146,70.7777777778
yfcc-batch9/7154,54.2777777778
yfcc-batch9/7162,77.972972973
yfcc-batch9/7180,77.9459459459
yfcc-batch9/7194,76.1538461538
yfcc-batch9/7225,68.5833333333
yfcc-batch9/7230,67
yfcc-batch9/7241,59.8947368421
yfcc-batch9/7247,70.5625
yfcc-batch9/7257,77.125
yfcc-batch9/7267,71.9743589744
yfcc-batch9/7270,55.2702702703
yfcc-batch9/7274,61.6944444444
yfcc-batch9/7284,66.5833333333
yfcc-batch9/7285,70.3714285714
yfcc-batch9/7289,63.7631578947
yfcc-batch9/7294,66.75
yfcc-batch9/7300,75.3225806452
yfcc-batch9/7304,70.8285714286
yfcc-batch9/7309,60.3333333333
yfcc-batch9/7311,78.4594594595
yfcc-batch9/7317,63.8108108108
yfcc-batch9/7334,69.1052631579
yfcc-batch9/7362,74.675
yfcc-batch9/7365,60.9166666667
yfcc-batch9/6665,45.425
yfcc-batch9/6562,67.75
yfcc-batch9/6576,73.0588235294
yfcc-batch9/6579,69.0285714286
yfcc-batch9/6586,51.3142857143
yfcc-batch9/6589,78.5588235294
yfcc-batch9/6619,64.6363636364
yfcc-batch9/6631,68.5945945946
yfcc-batch9/6633,73.1428571429
yfcc-batch9/6634,60.8684210526
yfcc-batch9/6644,71.9142857143
yfcc-batch9/6646,70.3888888889
yfcc-batch9/6650,72.8918918919
yfcc-batch9/6663,76.7352941176
yfcc-batch9/6669,71
yfcc-batch9/6678,58.1714285714
yfcc-batch9/6685,64.2432432432
yfcc-batch9/6699,77.8571428571
yfcc-batch9/6700,67.5806451613
yfcc-batch9/6703,64.0769230769
yfcc-batch9/6707,78.0833333333
yfcc-batch9/6714,74.7777777778
yfcc-batch9/6733,62.7567567568
yfcc-batch9/6737,75.7368421053
yfcc-batch9/6738,71.0185185185
yfcc-batch9/6739,70.8108108108
yfcc-batch9/6744,64.9411764706
yfcc-batch9/6759,69.5882352941
yfcc-batch9/6778,70.5
yfcc-batch9/6780,69.1578947368
yfcc-batch9/6782,57.7777777778
yfcc-batch9/6797,69.2162162162
yfcc-batch9/6804,68.8108108108
yfcc-batch9/6812,61.1621621622
yfcc-batch9/6814,68.8157894737
yfcc-batch9/6827,69.8285714286
yfcc-batch9/6838,79.4857142857
yfcc-batch9/6843,78.5142857143
yfcc-batch9/6898,53.9230769231
yfcc-batch9/6909,74.3513513514
yfcc-batch9/6912,81.7368421053
yfcc-batch9/6917,59.5
yfcc-batch9/6921,68.25
yfcc-batch9/6922,71.6666666667
yfcc-batch10/7747,74.6315789474
yfcc-batch10/7754,71.6052631579
yfcc-batch10/7764,41.7714285714
yfcc-batch10/7774,62.8285714286
yfcc-batch10/7787,50.3684210526
yfcc-batch10/7799,65.1578947368
yfcc-batch10/7803,70.3888888889
yfcc-batch10/7809,56.8378378378
yfcc-batch10/7813,72.9714285714
yfcc-batch10/7825,70.5
yfcc-batch10/7827,55
yfcc-batch10/7829,67.7297297297
yfcc-batch10/7832,65.5
yfcc-batch10/7837,72.4166666667
yfcc-batch10/7839,80.9428571429
yfcc-batch10/7850,71.4333333333
yfcc-batch10/7856,66.3
yfcc-batch10/7862,59.2432432432
yfcc-batch10/7871,76.6388888889
yfcc-batch10/7877,75.8205128205
yfcc-batch10/7884,67.6315789474
yfcc-batch10/7891,73.1578947368
yfcc-batch10/7892,62.5833333333
yfcc-batch10/7899,54.6315789474
yfcc-batch10/7902,67.170212766
yfcc-batch10/7910,42.2647058824
yfcc-batch10/7921,62
yfcc-batch10/7940,57.0789473684
yfcc-batch10/7950,54.9459459459
yfcc-batch10/7953,75.8571428571
yfcc-batch10/7957,48.8611111111
yfcc-batch10/7971,60.4054054054
yfcc-batch10/7976,69.5526315789
yfcc-batch10/7982,80.1944444444
yfcc-batch10/7987,66
yfcc-batch10/7996,57.0555555556
yfcc-batch10/7998,63.6052631579
yfcc-batch10/7999,65.027027027
yfcc-batch10/8003,73.5416666667
yfcc-batch10/8002,49.8378378378
yfcc-batch10/8011,59.3513513514
yfcc-batch10/8018,78.2647058824
yfcc-batch10/8020,60.1041666667
yfcc-batch10/8021,56.027027027
yfcc-batch10/8043,72.5
yfcc-batch10/8067,77.3529411765
yfcc-batch10/8071,78.8918918919
yfcc-batch10/8079,79.5
yfcc-batch10/8080,62.2972972973
yfcc-batch10/8087,59.8421052632
yfcc-batch10/8089,49.2702702703
yfcc-batch10/8107,63.3055555556
yfcc-batch10/8110,74.7297297297
yfcc-batch10/8116,70.6842105263
yfcc-batch10/8125,47.1891891892
yfcc-batch10/8136,71.7142857143
yfcc-batch10/8142,64.75
yfcc-batch10/8155,77.868852459
yfcc-batch10/8163,75.5142857143
yfcc-batch10/8171,66.2857142857
yfcc-batch10/8176,72.75
yfcc-batch10/8180,71.0789473684
yfcc-batch10/8188,52.2702702703
yfcc-batch10/7970,52.6
yfcc-batch10/7545,74.6857142857
yfcc-batch10/7885,64.3243243243
yfcc-batch10/7391,67.5405405405
yfcc-batch10/7399,53.4857142857
yfcc-batch10/7381,53.8648648649
yfcc-batch10/7400,60.2666666667
yfcc-batch10/7418,79.3055555556
yfcc-batch10/7419,52.2222222222
yfcc-batch10/7422,77.2571428571
yfcc-batch10/7449,68.2432432432
yfcc-batch10/7451,66.7837837838
yfcc-batch10/7453,65
yfcc-batch10/7459,57.2894736842
yfcc-batch10/7462,56.0810810811
yfcc-batch10/7467,56.3513513514
yfcc-batch10/7476,79.7567567568
yfcc-batch10/7475,62.693877551
yfcc-batch10/7486,70.8717948718
yfcc-batch10/7490,45.2162162162
yfcc-batch10/7494,72.5263157895
yfcc-batch10/7493,75.8611111111
yfcc-batch10/7510,70.3888888889
yfcc-batch10/7528,68.2777777778
yfcc-batch10/7530,70.2777777778
yfcc-batch10/7540,78.1111111111
yfcc-batch10/7546,66.7435897436
yfcc-batch10/7551,71.3157894737
yfcc-batch10/7550,56.1428571429
yfcc-batch10/7563,77.1764705882
yfcc-batch10/7578,68
yfcc-batch10/7584,65.0526315789
yfcc-batch10/7599,79.75
yfcc-batch10/7607,75.3157894737
yfcc-batch10/7611,67.5833333333
yfcc-batch10/7616,73.55
yfcc-batch10/7627,58.7272727273
yfcc-batch10/7633,62.3243243243
yfcc-batch10/7639,52.2222222222
yfcc-batch10/7645,71.972972973
yfcc-batch10/7647,58.3846153846
yfcc-batch10/7650,63.7368421053
yfcc-batch10/7667,57.2894736842
yfcc-batch10/7676,76.7837837838
yfcc-batch10/7681,63.0833333333
yfcc-batch10/7691,73.1351351351
yfcc-batch10/7695,57.2
yfcc-batch10/7697,46.6216216216
yfcc-batch10/7701,55.7142857143
yfcc-batch10/7714,71.2972972973
yfcc-batch10/7715,58.8108108108
yfcc-batch10/7727,57.6
yfcc-batch10/7731,70.9736842105
yfcc-batch10/7736,71.1891891892
yfcc-batch11/8562,70.3783783784
yfcc-batch11/8563,64.0303030303
yfcc-batch11/8581,66.0540540541
yfcc-batch11/8584,65.25
yfcc-batch11/8592,67.2820512821
yfcc-batch11/8595,54.8857142857
yfcc-batch11/8604,74.6176470588
yfcc-batch11/8614,57.724137931
yfcc-batch11/8623,63.2352941176
yfcc-batch11/8624,63.6285714286
yfcc-batch11/8643,58.02
yfcc-batch11/8645,70.3157894737
yfcc-batch11/8652,64.8
yfcc-batch11/8676,48.5757575758
yfcc-batch11/8679,78.8269230769
yfcc-batch11/8680,67.8857142857
yfcc-batch11/8691,56.7567567568
yfcc-batch11/8696,77.8055555556
yfcc-batch11/8704,65.2
yfcc-batch11/8713,69.75
yfcc-batch11/8716,56.2162162162
yfcc-batch11/8721,60.2820512821
yfcc-batch11/8726,74.9245283019
yfcc-batch11/8731,70.2
yfcc-batch11/8732,74.7428571429
yfcc-batch11/8744,62.9473684211
yfcc-batch11/8747,75.0294117647
yfcc-batch11/8752,85.6944444444
yfcc-batch11/8759,82
yfcc-batch11/8771,72.1111111111
yfcc-batch11/8803,71.5675675676
yfcc-batch11/8807,74.6388888889
yfcc-batch11/8811,50.0833333333
yfcc-batch11/8816,74.3243243243
yfcc-batch11/8823,71.3428571429
yfcc-batch11/8824,76.6285714286
yfcc-batch11/8825,62.2222222222
yfcc-batch11/8833,72.2285714286
yfcc-batch11/8843,60.7567567568
yfcc-batch11/8857,72.4871794872
yfcc-batch11/8862,76.9444444444
yfcc-batch11/8878,61.5945945946
yfcc-batch11/8885,56.5142857143
yfcc-batch11/8887,74.2972972973
yfcc-batch11/8891,39.5161290323
yfcc-batch11/8897,62.7222222222
yfcc-batch11/8896,77.8055555556
yfcc-batch11/8900,65.4324324324
yfcc-batch11/8903,41
yfcc-batch11/8916,66.1666666667
yfcc-batch11/8917,65.175
yfcc-batch11/8922,56.1025641026
yfcc-batch11/8923,75.7222222222
yfcc-batch11/8935,78.7727272727
yfcc-batch11/8942,66.4736842105
yfcc-batch11/8943,78.2972972973
yfcc-batch11/8953,70.4210526316
yfcc-batch11/8958,76.2702702703
yfcc-batch11/8967,78.0857142857
yfcc-batch11/8972,73.1818181818
yfcc-batch11/8978,53.3055555556
yfcc-batch11/8982,73.3684210526
yfcc-batch11/9009,78.4285714286
yfcc-batch11/9013,79.1111111111
yfcc-batch11/9015,53
yfcc-batch11/9018,73.3428571429
yfcc-batch11/8201,66.8857142857
yfcc-batch11/8204,47.0588235294
yfcc-batch11/8207,74.3611111111
yfcc-batch11/8215,63.303030303
yfcc-batch11/8243,79
yfcc-batch11/8251,75.3421052632
yfcc-batch11/8253,70.8
yfcc-batch11/8258,53.5277777778
yfcc-batch11/8264,74.972972973
yfcc-batch11/8265,50.4736842105
yfcc-batch11/8272,68.3783783784
yfcc-batch11/8274,71.5454545455
yfcc-batch11/8281,71.1944444444
yfcc-batch11/8287,73.6585365854
yfcc-batch11/8305,69.4615384615
yfcc-batch11/8311,74.34375
yfcc-batch11/8317,77.7435897436
yfcc-batch11/8322,76.0882352941
yfcc-batch11/8350,68.7837837838
yfcc-batch11/8355,71.3529411765
yfcc-batch11/8376,68.9117647059
yfcc-batch11/8383,76
yfcc-batch11/8385,69.3888888889
yfcc-batch11/8389,73.9428571429
yfcc-batch11/8412,57.641025641
yfcc-batch11/8417,81.7222222222
yfcc-batch11/8420,76.3142857143
yfcc-batch11/8427,61.5555555556
yfcc-batch11/8437,74.5555555556
yfcc-batch11/8439,65.25
yfcc-batch11/8440,63.1176470588
yfcc-batch11/8442,63.5833333333
yfcc-batch11/8443,74.9428571429
yfcc-batch11/8449,67.7837837838
yfcc-batch11/8484,74.0833333333
yfcc-batch11/8488,64.3428571429
yfcc-batch11/8489,31.1621621622
yfcc-batch11/8498,77.0256410256
yfcc-batch11/8520,51.6666666667
yfcc-batch11/8527,69.6285714286
yfcc-batch11/8528,79.027027027
yfcc-batch12/9388,60.6857142857
yfcc-batch12/9392,48.6470588235
yfcc-batch12/9428,73.6764705882
yfcc-batch12/9436,77.8888888889
yfcc-batch12/9449,81
yfcc-batch12/9456,43.6285714286
yfcc-batch12/9458,71.6388888889
yfcc-batch12/9459,57.4411764706
yfcc-batch12/9486,72.2857142857
yfcc-batch12/9489,68.8333333333
yfcc-batch12/9497,76.4054054054
yfcc-batch12/9506,61.5555555556
yfcc-batch12/9510,62.0789473684
yfcc-batch12/9515,71.9459459459
yfcc-batch12/9517,71.75
yfcc-batch12/9522,72.4166666667
yfcc-batch12/9523,74.4722222222
yfcc-batch12/9542,60.4722222222
yfcc-batch12/9549,70.5945945946
yfcc-batch12/9560,74.1176470588
yfcc-batch12/9566,67.7368421053
yfcc-batch12/9567,75.6388888889
yfcc-batch12/9568,72.8918918919
yfcc-batch12/9573,74.2105263158
yfcc-batch12/9575,78.8666666667
yfcc-batch12/9580,62.25
yfcc-batch12/9588,66.4594594595
yfcc-batch12/9586,37.8108108108
yfcc-batch12/9596,49.8484848485
yfcc-batch12/9599,73.4545454545
yfcc-batch12/9605,60.972972973
yfcc-batch12/9606,70.6666666667
yfcc-batch12/9618,71.7368421053
yfcc-batch12/9626,68.4848484848
yfcc-batch12/9635,75.8055555556
yfcc-batch12/9641,70.6
yfcc-batch12/9644,66.3846153846
yfcc-batch12/9648,26.7777777778
yfcc-batch12/9674,62.05
yfcc-batch12/9684,52.325
yfcc-batch12/9700,77.0277777778
yfcc-batch12/9703,73.6857142857
yfcc-batch12/9705,69
yfcc-batch12/9710,75.4324324324
yfcc-batch12/9714,63.6578947368
yfcc-batch12/9715,64.2424242424
yfcc-batch12/9723,73.7368421053
yfcc-batch12/9734,77.1212121212
yfcc-batch12/9756,72.8235294118
yfcc-batch12/9758,66.6571428571
yfcc-batch12/9759,45.0571428571
yfcc-batch12/9761,78.65625
yfcc-batch12/9776,69.4166666667
yfcc-batch12/9785,75.9142857143
yfcc-batch12/9808,70.1714285714
yfcc-batch12/9816,68.8235294118
yfcc-batch12/9025,55.1025641026
yfcc-batch12/9033,63.0571428571
yfcc-batch12/9034,73.5675675676
yfcc-batch12/9043,67.3421052632
yfcc-batch12/9045,74.5151515152
yfcc-batch12/9048,68.7941176471
yfcc-batch12/9050,76.0294117647
yfcc-batch12/9053,49.3157894737
yfcc-batch12/9059,63.1666666667
yfcc-batch12/9068,70
yfcc-batch12/9077,74.46
yfcc-batch12/9084,63.972972973
yfcc-batch12/9083,66.5142857143
yfcc-batch12/9092,71.1621621622
yfcc-batch12/9101,66.25
yfcc-batch12/9110,66.4285714286
yfcc-batch12/9125,50.4651162791
yfcc-batch12/9136,31.225
yfcc-batch12/9137,78.8285714286
yfcc-batch12/9139,52.3235294118
yfcc-batch12/9140,73.1764705882
yfcc-batch12/9141,54.3947368421
yfcc-batch12/9148,52.972972973
yfcc-batch12/9153,65.4444444444
yfcc-batch12/9165,67.6470588235
yfcc-batch12/9167,74.6
yfcc-batch12/9188,46.75
yfcc-batch12/9200,76.1470588235
yfcc-batch12/9202,55
yfcc-batch12/9210,63.8
yfcc-batch12/9230,81.8205128205
yfcc-batch12/9236,69.027027027
yfcc-batch12/9238,76.5833333333
yfcc-batch12/9240,77.1315789474
yfcc-batch12/9247,76.1578947368
yfcc-batch12/9251,58
yfcc-batch12/9289,69.2222222222
yfcc-batch12/9290,64.2702702703
yfcc-batch12/9294,55.25
yfcc-batch12/9296,68.4444444444
yfcc-batch12/9308,82.5555555556
yfcc-batch12/9314,63.3529411765
yfcc-batch12/9318,80.4
yfcc-batch12/9325,75.3611111111
yfcc-batch12/9326,80.1136363636
yfcc-batch12/9336,76.5
yfcc-batch12/9346,70.8378378378
yfcc-batch12/9348,73.0222222222
yfcc-batch12/9371,70.6111111111
yfcc-batch12/9372,45.7941176471
yfcc-batch12/9378,80.05
yfcc-batch13/10360,72.4871794872
yfcc-batch13/10366,60.2222222222
yfcc-batch13/10375,73.7297297297
yfcc-batch13/10381,60.8888888889
yfcc-batch13/10385,74.1315789474
yfcc-batch13/10402,55.7428571429
yfcc-batch13/10405,79.1891891892
yfcc-batch13/10410,73.7368421053
yfcc-batch13/10413,71.9459459459
yfcc-batch13/10416,61.35
yfcc-batch13/10424,69.5
yfcc-batch13/10425,67.75
yfcc-batch13/10427,73.4054054054
yfcc-batch13/10430,60.1714285714
yfcc-batch13/10442,61.5526315789
yfcc-batch13/10446,59.7368421053
yfcc-batch13/10445,77.4324324324
yfcc-batch13/10469,65.4736842105
yfcc-batch13/10471,69.5428571429
yfcc-batch13/10486,67.7714285714
yfcc-batch13/10488,61.9428571429
yfcc-batch13/10497,77.2571428571
yfcc-batch13/10513,78.6176470588
yfcc-batch13/10514,72.8285714286
yfcc-batch13/10523,70.0285714286
yfcc-batch13/10534,46.972972973
yfcc-batch13/10545,65.5945945946
yfcc-batch13/10553,71.3714285714
yfcc-batch13/10565,74.6756756757
yfcc-batch13/10567,57.5869565217
yfcc-batch13/10570,65.8378378378
yfcc-batch13/10579,68.725
yfcc-batch13/10590,52.9393939394
yfcc-batch13/10611,62.5945945946
yfcc-batch13/10641,60.7105263158
yfcc-batch13/10659,71.9714285714
yfcc-batch13/9842,70.0810810811
yfcc-batch13/9843,77
yfcc-batch13/9851,76.4864864865
yfcc-batch13/9858,66.3513513514
yfcc-batch13/9873,85.1351351351
yfcc-batch13/9887,65.7297297297
yfcc-batch13/9889,69.7948717949
yfcc-batch13/9899,75.2162162162
yfcc-batch13/9901,71.6851851852
yfcc-batch13/9905,67.2941176471
yfcc-batch13/9906,67.0263157895
yfcc-batch13/9919,69.972972973
yfcc-batch13/9923,58.6388888889
yfcc-batch13/9949,67.6764705882
yfcc-batch13/9950,61.5428571429
yfcc-batch13/9962,73.925
yfcc-batch13/9970,67.4545454545
yfcc-batch13/9978,67.641025641
yfcc-batch13/10031,61.3846153846
yfcc-batch13/10019,64.3529411765
yfcc-batch13/10071,69.5555555556
yfcc-batch13/10090,61.3428571429
yfcc-batch13/10094,75.4864864865
yfcc-batch13/10096,59.8529411765
yfcc-batch13/10100,83.3555555556
yfcc-batch13/10106,73.6052631579
yfcc-batch13/10120,79.0540540541
yfcc-batch13/10127,80.6052631579
yfcc-batch13/10130,79
yfcc-batch13/10135,49.8205128205
yfcc-batch13/10136,74.5135135135
yfcc-batch13/10141,68.8055555556
yfcc-batch13/10144,66.6756756757
yfcc-batch13/10156,80.4722222222
yfcc-batch13/10164,65.1428571429
yfcc-batch13/10176,67.7142857143
yfcc-batch13/10185,73.9428571429
yfcc-batch13/10198,53.3888888889
yfcc-batch13/10199,66.5277777778
yfcc-batch13/10205,64.972972973
yfcc-batch13/10216,60.5405405405
yfcc-batch13/10215,71.0277777778
yfcc-batch13/10226,73.7692307692
yfcc-batch13/10234,72.8918918919
yfcc-batch13/10240,77.9189189189
yfcc-batch13/10254,51.8611111111
yfcc-batch13/10259,55.3684210526
yfcc-batch13/10261,57.0526315789
yfcc-batch13/10265,50.1842105263
yfcc-batch13/10271,74.7777777778
yfcc-batch13/10272,79.4722222222
yfcc-batch13/10273,81.5714285714
yfcc-batch13/10274,70.5806451613
yfcc-batch13/10275,76.6388888889
yfcc-batch13/10276,65.1714285714
yfcc-batch13/10277,65.6666666667
yfcc-batch13/10295,71.8125
yfcc-batch13/10294,72.5128205128
yfcc-batch13/10298,67.3513513514
yfcc-batch13/10297,71.2888888889
yfcc-batch13/10306,69.4210526316
yfcc-batch13/10319,68.9428571429
yfcc-batch13/10318,65.3529411765
yfcc-batch13/10331,69.9487179487
yfcc-batch13/10343,76.4411764706
yfcc-batch14/11019,70.0909090909
yfcc-batch14/11040,79.3823529412
yfcc-batch14/11054,61.1714285714
yfcc-batch14/11061,68.2285714286
yfcc-batch14/11075,68.1621621622
yfcc-batch14/11081,79.6756756757
yfcc-batch14/11092,72.6363636364
yfcc-batch14/11099,52.1388888889
yfcc-batch14/11102,72.2727272727
yfcc-batch14/11125,64.5135135135
yfcc-batch14/11128,67.1176470588
yfcc-batch14/11131,78.7575757576
yfcc-batch14/11133,75.9166666667
yfcc-batch14/11140,70.8947368421
yfcc-batch14/11150,74.0612244898
yfcc-batch14/11154,64.6226415094
yfcc-batch14/11159,70.8461538462
yfcc-batch14/11174,72.5833333333
yfcc-batch14/11193,74.7179487179
yfcc-batch14/11194,79.4
yfcc-batch14/11196,59.3243243243
yfcc-batch14/11203,40.5526315789
yfcc-batch14/11222,80.1111111111
yfcc-batch14/11233,55
yfcc-batch14/11244,73.6285714286
yfcc-batch14/11254,67
yfcc-batch14/11263,70.2777777778
yfcc-batch14/11264,58.0571428571
yfcc-batch14/11266,60.8285714286
yfcc-batch14/11277,56.3333333333
yfcc-batch14/11292,68.68
yfcc-batch14/11297,41.3529411765
yfcc-batch14/11309,60.4102564103
yfcc-batch14/11315,49.8529411765
yfcc-batch14/11322,68.8157894737
yfcc-batch14/11341,76.9705882353
yfcc-batch14/11346,78.3243243243
yfcc-batch14/11347,80.8181818182
yfcc-batch14/11353,61.0555555556
yfcc-batch14/11364,73.2285714286
yfcc-batch14/11381,89.0277777778
yfcc-batch14/11382,70.5135135135
yfcc-batch14/11384,66.6060606061
yfcc-batch14/11392,58.375
yfcc-batch14/11404,63.6857142857
yfcc-batch14/11417,57.09375
yfcc-batch14/11422,58.3783783784
yfcc-batch14/11424,70.2553191489
yfcc-batch14/11427,75.9142857143
yfcc-batch14/11430,60.1388888889
yfcc-batch14/11443,64.8
yfcc-batch14/11454,63.5
yfcc-batch14/11453,80.358974359
yfcc-batch14/11457,61.3333333333
yfcc-batch14/11464,64.4210526316
yfcc-batch14/11467,69.2105263158
yfcc-batch14/11475,62.0285714286
yfcc-batch14/11478,58.0256410256
yfcc-batch14/11480,51.0789473684
yfcc-batch14/10664,63.9142857143
yfcc-batch14/10669,62.2368421053
yfcc-batch14/10670,76.1714285714
yfcc-batch14/10671,68.525
yfcc-batch14/10687,72.1666666667
yfcc-batch14/10695,73.0571428571
yfcc-batch14/10696,67.8378378378
yfcc-batch14/10790,77.7837837838
yfcc-batch14/10812,65.9696969697
yfcc-batch14/10833,81.1142857143
yfcc-batch14/10838,69
yfcc-batch14/10846,61.0857142857
yfcc-batch14/10850,71.8387096774
yfcc-batch14/10853,68.0526315789
yfcc-batch14/10856,64.7297297297
yfcc-batch14/10872,52.2432432432
yfcc-batch14/10877,49.175
yfcc-batch14/10884,77.1470588235
yfcc-batch14/10896,68.3636363636
yfcc-batch14/10904,64.5277777778
yfcc-batch14/10907,70.8857142857
yfcc-batch14/10914,70.1891891892
yfcc-batch14/10918,79.0465116279
yfcc-batch14/10928,65.8648648649
yfcc-batch14/10932,59.8648648649
yfcc-batch14/10931,64.5
yfcc-batch14/10960,70.4054054054
yfcc-batch14/10965,60.9393939394
yfcc-batch14/10970,76.2826086957
yfcc-batch14/10971,63.5714285714
yfcc-batch14/10973,74.2631578947
yfcc-batch14/10976,64.5945945946
yfcc-batch14/10978,71.5483870968
yfcc-batch14/10981,62.0857142857
yfcc-batch14/11005,74.25
yfcc-batch14/11006,71.1025641026
yfcc-batch14/11010,67.9736842105
yfcc-batch15/11841,45.6756756757
yfcc-batch15/11848,70.3513513514
yfcc-batch15/11851,67.1315789474
yfcc-batch15/11859,62.3333333333
yfcc-batch15/11860,62.4736842105
yfcc-batch15/11865,66.2941176471
yfcc-batch15/11869,54.9166666667
yfcc-batch15/11888,84.6944444444
yfcc-batch15/11934,77.3939393939
yfcc-batch15/11937,66.2941176471
yfcc-batch15/11938,58.2571428571
yfcc-batch15/11944,61
yfcc-batch15/11950,77.9393939394
yfcc-batch15/11952,75.25
yfcc-batch15/11955,71.8055555556
yfcc-batch15/11961,65.0857142857
yfcc-batch15/11968,73.7428571429
yfcc-batch15/11972,64.1176470588
yfcc-batch15/11973,50.4324324324
yfcc-batch15/11976,64.6666666667
yfcc-batch15/11997,74.9411764706
yfcc-batch15/12001,73.6388888889
yfcc-batch15/12004,80.0285714286
yfcc-batch15/12022,57.6486486486
yfcc-batch15/12046,75.7352941176
yfcc-batch15/12055,55.1111111111
yfcc-batch15/12056,79.1818181818
yfcc-batch15/12057,78.0277777778
yfcc-batch15/12061,72.4571428571
yfcc-batch15/12062,73.5945945946
yfcc-batch15/12064,67.6
yfcc-batch15/12071,64.0789473684
yfcc-batch15/12074,76.3714285714
yfcc-batch15/12078,43.5142857143
yfcc-batch15/12079,79.6111111111
yfcc-batch15/12087,77.1081081081
yfcc-batch15/12089,65.8529411765
yfcc-batch15/12100,42.7222222222
yfcc-batch15/12107,72.4864864865
yfcc-batch15/12110,65.8529411765
yfcc-batch15/12116,79.0294117647
yfcc-batch15/12115,71.6756756757
yfcc-batch15/12118,57.75
yfcc-batch15/12122,74.4571428571
yfcc-batch15/12124,66.641025641
yfcc-batch15/12135,55.3947368421
yfcc-batch15/12139,63.2285714286
yfcc-batch15/12142,71.9444444444
yfcc-batch15/12150,65.6486486486
yfcc-batch15/12155,65.8
yfcc-batch15/12160,70.5161290323
yfcc-batch15/12161,77.2368421053
yfcc-batch15/12162,69.8333333333
yfcc-batch15/12174,68.78125
yfcc-batch15/12206,71.25
yfcc-batch15/12207,65.0588235294
yfcc-batch15/12213,68.5882352941
yfcc-batch15/12216,62.6428571429
yfcc-batch15/12228,75.53125
yfcc-batch15/12238,70.4411764706
yfcc-batch15/12237,65.2307692308
yfcc-batch15/12236,61.9714285714
yfcc-batch15/12244,71.3243243243
yfcc-batch15/12246,66.2571428571
yfcc-batch15/12252,70.9705882353
yfcc-batch15/12285,48.7647058824
yfcc-batch15/12288,64.5882352941
yfcc-batch15/11507,70.3888888889
yfcc-batch15/11515,74.1111111111
yfcc-batch15/11521,65.7631578947
yfcc-batch15/11540,69.78125
yfcc-batch15/11541,54.5714285714
yfcc-batch15/11549,64.075
yfcc-batch15/11552,79.5945945946
yfcc-batch15/11556,69.7567567568
yfcc-batch15/11557,56.1621621622
yfcc-batch15/11568,71.0857142857
yfcc-batch15/11569,59.8857142857
yfcc-batch15/11582,70.4166666667
yfcc-batch15/11586,69.8648648649
yfcc-batch15/11593,64.7021276596
yfcc-batch15/11598,50.6756756757
yfcc-batch15/11600,78.3939393939
yfcc-batch15/11601,54.2162162162
yfcc-batch15/11603,74.8888888889
yfcc-batch15/11610,64.2702702703
yfcc-batch15/11625,78.0526315789
yfcc-batch15/11628,68.5555555556
yfcc-batch15/11629,68.027027027
yfcc-batch15/11637,77.7058823529
yfcc-batch15/11636,70.4571428571
yfcc-batch15/11638,33.2777777778
yfcc-batch15/11652,74.9056603774
yfcc-batch15/11654,74.7714285714
yfcc-batch15/11658,59.1891891892
yfcc-batch15/11657,71.3888888889
yfcc-batch15/11669,66.3055555556
yfcc-batch15/11677,67.0526315789
yfcc-batch15/11678,81.3611111111
yfcc-batch15/11680,60.425
yfcc-batch15/11704,72.1555555556
yfcc-batch15/11706,54.2258064516
yfcc-batch15/11720,72.1891891892
yfcc-batch15/11722,54.9166666667
yfcc-batch15/11732,48.972972973
yfcc-batch15/11733,72.0833333333
yfcc-batch15/11745,65.5882352941
yfcc-batch15/11759,58.6052631579
yfcc-batch15/11773,67.5263157895
yfcc-batch15/11774,43.5833333333
yfcc-batch15/11775,69.8285714286
yfcc-batch15/11781,51.0540540541
yfcc-batch15/11783,75.0769230769
yfcc-batch15/11782,70.0847457627
yfcc-batch15/11785,70.6857142857
yfcc-batch15/11786,71.9696969697
yfcc-batch15/11795,70.5428571429
yfcc-batch15/11798,63.3428571429
yfcc-batch15/11835,68.7567567568
yfcc-batch16/12666,70.4736842105
yfcc-batch16/12673,62.6666666667
yfcc-batch16/12675,67.6486486486
yfcc-batch16/12683,67.7105263158
yfcc-batch16/12684,72.8235294118
yfcc-batch16/12713,56.8333333333
yfcc-batch16/12718,67.3714285714
yfcc-batch16/12719,67.6764705882
yfcc-batch16/12727,64.5294117647
yfcc-batch16/12732,59.7837837838
yfcc-batch16/12747,71.8571428571
yfcc-batch16/12753,45.7142857143
yfcc-batch16/12762,62.9705882353
yfcc-batch16/12768,68.9705882353
yfcc-batch16/12771,67.8529411765
yfcc-batch16/12777,49.1891891892
yfcc-batch16/12780,63.0857142857
yfcc-batch16/12791,83.4324324324
yfcc-batch16/12793,66.4857142857
yfcc-batch16/12800,62.7714285714
yfcc-batch16/12802,66.4210526316
yfcc-batch16/12816,71.2352941176
yfcc-batch16/12822,67.6
yfcc-batch16/12843,60.3939393939
yfcc-batch16/12864,51.7837837838
yfcc-batch16/12868,78.4864864865
yfcc-batch16/12871,57.8333333333
yfcc-batch16/12877,53.0588235294
yfcc-batch16/12881,75.9487179487
yfcc-batch16/12896,73.9444444444
yfcc-batch16/12901,58.6666666667
yfcc-batch16/12906,69
yfcc-batch16/12907,49.3157894737
yfcc-batch16/12914,61.0571428571
yfcc-batch16/12913,76.2058823529
yfcc-batch16/12916,76.6
yfcc-batch16/12931,78.0285714286
yfcc-batch16/12932,75.4117647059
yfcc-batch16/12938,45.2368421053
yfcc-batch16/12947,70.2682926829
yfcc-batch16/12955,71.5588235294
yfcc-batch16/12961,73.0555555556
yfcc-batch16/12962,63.8157894737
yfcc-batch16/12967,73.9
yfcc-batch16/12981,73.5
yfcc-batch16/12992,69.4571428571
yfcc-batch16/13008,61.1428571429
yfcc-batch16/13011,51.8648648649
yfcc-batch16/13017,66.9230769231
yfcc-batch16/13020,70.6944444444
yfcc-batch16/13019,67.3714285714
yfcc-batch16/13026,61.7692307692
yfcc-batch16/13033,77.6363636364
yfcc-batch16/13041,70.3055555556
yfcc-batch16/13061,60.0540540541
yfcc-batch16/13069,64.3888888889
yfcc-batch16/13071,70.6857142857
yfcc-batch16/13089,76.1081081081
yfcc-batch16/13096,62.8823529412
yfcc-batch16/13103,71.380952381
yfcc-batch16/13118,62.7222222222
yfcc-batch16/12302,68.0476190476
yfcc-batch16/12306,63.1081081081
yfcc-batch16/12327,65.3243243243
yfcc-batch16/12366,69.5277777778
yfcc-batch16/12371,72.3125
yfcc-batch16/12374,74.7027027027
yfcc-batch16/12376,60.0540540541
yfcc-batch16/12380,64.5882352941
yfcc-batch16/12387,65.2222222222
yfcc-batch16/12390,59.5588235294
yfcc-batch16/12403,85.1714285714
yfcc-batch16/12404,67.9090909091
yfcc-batch16/12413,72
yfcc-batch16/12414,66.3142857143
yfcc-batch16/12427,72.2105263158
yfcc-batch16/12432,61.6756756757
yfcc-batch16/12438,68.3513513514
yfcc-batch16/12448,63.4444444444
yfcc-batch16/12452,70.0882352941
yfcc-batch16/12456,58.8857142857
yfcc-batch16/12467,66.8108108108
yfcc-batch16/12476,75.4565217391
yfcc-batch16/12479,64.1944444444
yfcc-batch16/12483,69.3513513514
yfcc-batch16/12488,73.8611111111
yfcc-batch16/12491,63.6176470588
yfcc-batch16/12530,50.8285714286
yfcc-batch16/12532,55.0857142857
yfcc-batch16/12531,67.9166666667
yfcc-batch16/12537,59.8918918919
yfcc-batch16/12542,58.8857142857
yfcc-batch16/12549,82.7222222222
yfcc-batch16/12553,77.3823529412
yfcc-batch16/12556,65.9459459459
yfcc-batch16/12576,75.8571428571
yfcc-batch16/12588,67
yfcc-batch16/12593,75.0789473684
yfcc-batch16/12615,78.7222222222
yfcc-batch16/12628,54
yfcc-batch16/12640,59.4285714286
yfcc-batch16/12645,63.8529411765
yfcc-batch16/12647,60.7837837838
yfcc-batch16/12653,71.8888888889
yfcc-batch16/12655,58.3333333333
yfcc-batch17/13480,66.5135135135
yfcc-batch17/13504,68.5714285714
yfcc-batch17/13509,68.3513513514
yfcc-batch17/13542,76.9705882353
yfcc-batch17/13545,67.4722222222
yfcc-batch17/13553,78.21875
yfcc-batch17/13570,76.1142857143
yfcc-batch17/13572,53.652173913
yfcc-batch17/13590,73.4857142857
yfcc-batch17/13600,69.1142857143
yfcc-batch17/13610,66.2857142857
yfcc-batch17/13616,72.5151515152
yfcc-batch17/13622,57
yfcc-batch17/13627,68.675
yfcc-batch17/13635,68.0540540541
yfcc-batch17/13644,66.5
yfcc-batch17/13653,65.4
yfcc-batch17/13654,72.3529411765
yfcc-batch17/13674,67.6764705882
yfcc-batch17/13685,73.1666666667
yfcc-batch17/13686,48.2
yfcc-batch17/13696,75.5135135135
yfcc-batch17/13713,69.8235294118
yfcc-batch17/13721,59.0526315789
yfcc-batch17/13722,76.7647058824
yfcc-batch17/13725,74.1428571429
yfcc-batch17/13737,68.5675675676
yfcc-batch17/13738,63.5294117647
yfcc-batch17/13760,62.1891891892
yfcc-batch17/13769,70.8153846154
yfcc-batch17/13771,69.3428571429
yfcc-batch17/13782,70.6842105263
yfcc-batch17/13784,61
yfcc-batch17/13785,71.7647058824
yfcc-batch17/13797,67.5882352941
yfcc-batch17/13798,75.5277777778
yfcc-batch17/13809,57.3421052632
yfcc-batch17/13813,55.5714285714
yfcc-batch17/13823,63.2857142857
yfcc-batch17/13832,86.4444444444
yfcc-batch17/13834,70.5609756098
yfcc-batch17/13833,58.9722222222
yfcc-batch17/13853,68.4
yfcc-batch17/13867,67.8285714286
yfcc-batch17/13868,64.0555555556
yfcc-batch17/13918,74.1081081081
yfcc-batch17/13929,61.1111111111
yfcc-batch17/13938,57.3783783784
yfcc-batch17/13125,59.675
yfcc-batch17/13129,60.8823529412
yfcc-batch17/13146,67.8387096774
yfcc-batch17/13155,78.1666666667
yfcc-batch17/13160,38.7428571429
yfcc-batch17/13161,61.5588235294
yfcc-batch17/13163,68.5
yfcc-batch17/13192,73.2777777778
yfcc-batch17/13201,69.5
yfcc-batch17/13219,68.6666666667
yfcc-batch17/13226,72.5428571429
yfcc-batch17/13228,57.7297297297
yfcc-batch17/13245,69.1081081081
yfcc-batch17/13246,72.8055555556
yfcc-batch17/13250,66.6111111111
yfcc-batch17/13251,53.2857142857
yfcc-batch17/13253,64.1052631579
yfcc-batch17/13261,67.6944444444
yfcc-batch17/13265,60.7714285714
yfcc-batch17/13291,62.2105263158
yfcc-batch17/13302,71.0769230769
yfcc-batch17/13303,59.8235294118
yfcc-batch17/13315,63.3055555556
yfcc-batch17/13320,70.9189189189
yfcc-batch17/13331,71.9189189189
yfcc-batch17/13335,64.2352941176
yfcc-batch17/13336,55.0263157895
yfcc-batch17/13339,72.2285714286
yfcc-batch17/13353,81.1842105263
yfcc-batch17/13357,64.5384615385
yfcc-batch17/13361,50.5428571429
yfcc-batch17/13366,65.1714285714
yfcc-batch17/13368,68.7941176471
yfcc-batch17/13375,70.8787878788
yfcc-batch17/13385,75.2222222222
yfcc-batch17/13405,73.4782608696
yfcc-batch17/13406,47.4857142857
yfcc-batch17/13407,75.6388888889
yfcc-batch17/13411,66.0540540541
yfcc-batch17/13436,65.6470588235
yfcc-batch17/13442,64.027027027
yfcc-batch17/13461,51.7777777778
yfcc-batch17/13467,69.0789473684
yfcc-batch17/13473,72.4736842105
yfcc-batch17/13476,65.15625
yfcc-batch18/14299,68.5526315789
yfcc-batch18/14309,41.7714285714
yfcc-batch18/14313,78.0540540541
yfcc-batch18/14316,77.8181818182
yfcc-batch18/14318,71.3181818182
yfcc-batch18/14330,65.78125
yfcc-batch18/14338,58
yfcc-batch18/14341,76.875
yfcc-batch18/14346,56.5555555556
yfcc-batch18/14348,70.9512195122
yfcc-batch18/14361,64.4705882353
yfcc-batch18/14381,62.3333333333
yfcc-batch18/14393,67.8571428571
yfcc-batch18/14398,33.4848484848
yfcc-batch18/14408,79.3684210526
yfcc-batch18/14413,74.0540540541
yfcc-batch18/14420,63.4411764706
yfcc-batch18/14428,71.2820512821
yfcc-batch18/14432,63.9722222222
yfcc-batch18/14437,70.0222222222
yfcc-batch18/14446,71.5555555556
yfcc-batch18/14453,61.6666666667
yfcc-batch18/14457,72.5151515152
yfcc-batch18/14480,71.2352941176
yfcc-batch18/14498,53.2285714286
yfcc-batch18/14504,67.358490566
yfcc-batch18/14511,62.2647058824
yfcc-batch18/14515,71.3428571429
yfcc-batch18/14535,60.2115384615
yfcc-batch18/14536,77.0789473684
yfcc-batch18/14541,73.7777777778
yfcc-batch18/14547,61.9090909091
yfcc-batch18/14562,73.7352941176
yfcc-batch18/14564,66.5588235294
yfcc-batch18/14568,73.9722222222
yfcc-batch18/14577,67.0294117647
yfcc-batch18/14593,68.4594594595
yfcc-batch18/14599,73.8421052632
yfcc-batch18/14600,69.7714285714
yfcc-batch18/14601,71.4864864865
yfcc-batch18/14637,78.9459459459
yfcc-batch18/14640,66.8285714286
yfcc-batch18/14680,59
yfcc-batch18/14716,68.9117647059
yfcc-batch18/14727,65.8378378378
yfcc-batch18/14739,66.2857142857
yfcc-batch18/14745,71.5
yfcc-batch18/14744,65.1944444444
yfcc-batch18/14746,65.6764705882
yfcc-batch18/14750,46.303030303
yfcc-batch18/14753,70.9795918367
yfcc-batch18/13946,65.3783783784
yfcc-batch18/13963,62.4594594595
yfcc-batch18/13969,87.1818181818
yfcc-batch18/13975,66.0769230769
yfcc-batch18/13977,66.75
yfcc-batch18/13980,77.7959183673
yfcc-batch18/13981,68.6176470588
yfcc-batch18/13987,63.1315789474
yfcc-batch18/13990,65.8918918919
yfcc-batch18/14028,72.1176470588
yfcc-batch18/14034,63
yfcc-batch18/14035,46.0263157895
yfcc-batch18/14036,52.8571428571
yfcc-batch18/14052,75.3518518519
yfcc-batch18/14053,68.0882352941
yfcc-batch18/14070,71.0294117647
yfcc-batch18/14073,71.0540540541
yfcc-batch18/14075,71.8648648649
yfcc-batch18/14081,73.2777777778
yfcc-batch18/14093,46.2777777778
yfcc-batch18/14094,67.4363636364
yfcc-batch18/14099,57.7714285714
yfcc-batch18/14111,66.9142857143
yfcc-batch18/14119,47.1081081081
yfcc-batch18/14121,67.1621621622
yfcc-batch18/14126,50.8529411765
yfcc-batch18/14140,61.0555555556
yfcc-batch18/14145,58.5555555556
yfcc-batch18/14150,63.1111111111
yfcc-batch18/14152,48.0810810811
yfcc-batch18/14154,71.25
yfcc-batch18/14158,77.4545454545
yfcc-batch18/14163,65.4
yfcc-batch18/14173,54.525
yfcc-batch18/14194,80.4054054054
yfcc-batch18/14195,55.6857142857
yfcc-batch18/14206,69.5757575758
yfcc-batch18/14214,68.2777777778
yfcc-batch18/14223,66.9142857143
yfcc-batch18/14230,52.7777777778
yfcc-batch18/14238,67.5142857143
yfcc-batch18/14239,53.9117647059
yfcc-batch18/14243,67.1428571429
yfcc-batch18/14245,66.7297297297
yfcc-batch18/14256,65.9714285714
yfcc-batch18/14255,64.8064516129
yfcc-batch18/14287,65.1388888889
yfcc-batch18/14290,33.4857142857
yfcc-batch19/15117,72.593220339
yfcc-batch19/15121,70.3428571429
yfcc-batch19/15122,38.7142857143
yfcc-batch19/15128,62.5660377358
yfcc-batch19/15143,64.75
yfcc-batch19/15145,74.725
yfcc-batch19/15150,73.5625
yfcc-batch19/15159,67.3611111111
yfcc-batch19/15169,74.7142857143
yfcc-batch19/15178,72.1428571429
yfcc-batch19/15188,50.6666666667
yfcc-batch19/15194,77.0555555556
yfcc-batch19/15205,70.0882352941
yfcc-batch19/15208,67.3714285714
yfcc-batch19/15211,65.7058823529
yfcc-batch19/15214,72
yfcc-batch19/15216,77.225
yfcc-batch19/15230,63.4210526316
yfcc-batch19/15237,66.8461538462
yfcc-batch19/15270,55.8108108108
yfcc-batch19/15274,75.2352941176
yfcc-batch19/15290,70.4722222222
yfcc-batch19/15296,60.6944444444
yfcc-batch19/15306,71.9705882353
yfcc-batch19/15318,71
yfcc-batch19/15322,51.2777777778
yfcc-batch19/15323,74.9210526316
yfcc-batch19/15324,76.8333333333
yfcc-batch19/15327,56.3636363636
yfcc-batch19/15334,71.9722222222
yfcc-batch19/15335,68.0588235294
yfcc-batch19/15342,70.9411764706
yfcc-batch19/15351,62.5945945946
yfcc-batch19/15356,66.9444444444
yfcc-batch19/15359,73.5588235294
yfcc-batch19/15363,66.0882352941
yfcc-batch19/15375,64.4722222222
yfcc-batch19/15405,77.1891891892
yfcc-batch19/15407,80.7368421053
yfcc-batch19/15425,76.2222222222
yfcc-batch19/15429,49.7352941176
yfcc-batch19/15435,68.1621621622
yfcc-batch19/15437,78.6153846154
yfcc-batch19/15452,55.8378378378
yfcc-batch19/15468,69.2093023256
yfcc-batch19/15470,65.3636363636
yfcc-batch19/15474,65.7878787879
yfcc-batch19/15494,67.4705882353
yfcc-batch19/15495,69.4285714286
yfcc-batch19/15501,55.1428571429
yfcc-batch19/15502,74.75
yfcc-batch19/15511,72.3513513514
yfcc-batch19/15512,60.0588235294
yfcc-batch19/15522,62.59375
yfcc-batch19/15534,76.2162162162
yfcc-batch19/15538,72.1538461538
yfcc-batch19/15540,67.6097560976
yfcc-batch19/15564,75.7096774194
yfcc-batch19/14769,62
yfcc-batch19/14781,73.2647058824
yfcc-batch19/14787,76.1081081081
yfcc-batch19/14790,56.9411764706
yfcc-batch19/14801,64.3939393939
yfcc-batch19/14834,68.1142857143
yfcc-batch19/14844,62.1363636364
yfcc-batch19/14851,65.0882352941
yfcc-batch19/14870,71.9411764706
yfcc-batch19/14873,45.6388888889
yfcc-batch19/14876,68.6486486486
yfcc-batch19/14875,63.7714285714
yfcc-batch19/14880,48.0810810811
yfcc-batch19/14886,74.0606060606
yfcc-batch19/14890,61.0294117647
yfcc-batch19/14891,63.2058823529
yfcc-batch19/14900,61.4594594595
yfcc-batch19/14901,76.2368421053
yfcc-batch19/14903,63.8333333333
yfcc-batch19/14937,71.027027027
yfcc-batch19/14942,71.5434782609
yfcc-batch19/14953,72
yfcc-batch19/14997,56.6176470588
yfcc-batch19/15001,56.2352941176
yfcc-batch19/15009,71.7
yfcc-batch19/15017,61.7567567568
yfcc-batch19/15033,61.2571428571
yfcc-batch19/15036,78.5135135135
yfcc-batch19/15041,81.3870967742
yfcc-batch19/15049,58.0588235294
yfcc-batch19/15051,58.2571428571
yfcc-batch19/15059,76.78
yfcc-batch19/15065,78.75
yfcc-batch19/15080,70.4333333333
yfcc-batch19/15099,70.6764705882
yfcc-batch19/15110,50.9411764706
yfcc-batch20/15944,72.6285714286
yfcc-batch20/15946,46.4864864865
yfcc-batch20/15956,70.125
yfcc-batch20/15958,78.1351351351
yfcc-batch20/15963,75.5675675676
yfcc-batch20/15966,50.75
yfcc-batch20/15974,73.8378378378
yfcc-batch20/15978,70.8529411765
yfcc-batch20/15985,82.1428571429
yfcc-batch20/15989,80.2432432432
yfcc-batch20/15998,76.1621621622
yfcc-batch20/16003,47.5945945946
yfcc-batch20/16012,68.0833333333
yfcc-batch20/16018,64.6578947368
yfcc-batch20/16023,62.1578947368
yfcc-batch20/16028,71.2820512821
yfcc-batch20/16035,83.1219512195
yfcc-batch20/16058,60.972972973
yfcc-batch20/16075,72.7297297297
yfcc-batch20/16076,70.5555555556
yfcc-batch20/16090,69.4615384615
yfcc-batch20/16101,84.3235294118
yfcc-batch20/16147,65.5675675676
yfcc-batch20/16166,66.8947368421
yfcc-batch20/16178,75.972972973
yfcc-batch20/16187,72.0285714286
yfcc-batch20/16188,74.6944444444
yfcc-batch20/16191,58
yfcc-batch20/16204,67.2093023256
yfcc-batch20/16209,36.2162162162
yfcc-batch20/16223,71.7027027027
yfcc-batch20/16242,68.8157894737
yfcc-batch20/16244,46.6111111111
yfcc-batch20/16248,57.1388888889
yfcc-batch20/16252,60.9487179487
yfcc-batch20/16269,70.1818181818
yfcc-batch20/16272,89.4054054054
yfcc-batch20/16275,71
yfcc-batch20/16279,46.5
yfcc-batch20/16282,75.1388888889
yfcc-batch20/16302,79.2105263158
yfcc-batch20/16305,65.1578947368
yfcc-batch20/16309,76.6111111111
yfcc-batch20/16321,55.0555555556
yfcc-batch20/16325,62.6486486486
yfcc-batch20/16327,77.6578947368
yfcc-batch20/16344,69.3611111111
yfcc-batch20/16353,60.9714285714
yfcc-batch20/16358,73.7428571429
yfcc-batch20/16368,56.4594594595
yfcc-batch20/16375,63.4
yfcc-batch20/16384,68.7142857143
yfcc-batch20/16386,78.8285714286
yfcc-batch20/16390,53.7105263158
yfcc-batch20/16389,62.0256410256
yfcc-batch20/16395,65.3513513514
yfcc-batch20/16394,53.9696969697
yfcc-batch20/16215,57.9142857143
yfcc-batch20/15593,79.0882352941
yfcc-batch20/15595,66.1142857143
yfcc-batch20/15603,69.725
yfcc-batch20/15623,52.5789473684
yfcc-batch20/15626,76.3888888889
yfcc-batch20/15632,67.9166666667
yfcc-batch20/15634,69.875
yfcc-batch20/15636,45.6486486486
yfcc-batch20/15639,75.7272727273
yfcc-batch20/15642,72.8611111111
yfcc-batch20/15650,67.2631578947
yfcc-batch20/15672,65.243902439
yfcc-batch20/15680,45.0294117647
yfcc-batch20/15689,68.9714285714
yfcc-batch20/15697,73.6216216216
yfcc-batch20/15712,64.4054054054
yfcc-batch20/15732,66.9444444444
yfcc-batch20/15739,76.75
yfcc-batch20/15750,47.5454545455
yfcc-batch20/15757,74.7222222222
yfcc-batch20/15788,63.2222222222
yfcc-batch20/15799,70.2424242424
yfcc-batch20/15806,76.7777777778
yfcc-batch20/15814,61.7567567568
yfcc-batch20/15813,61.1142857143
yfcc-batch20/15817,65.8684210526
yfcc-batch20/15818,67.9210526316
yfcc-batch20/15822,73.1891891892
yfcc-batch20/15828,67.0303030303
yfcc-batch20/15838,77.9428571429
yfcc-batch20/15849,68.5526315789
yfcc-batch20/15856,64.4166666667
yfcc-batch20/15857,72.3243243243
yfcc-batch20/15859,61.2820512821
yfcc-batch20/15866,64.9743589744
yfcc-batch20/15870,69
yfcc-batch20/15881,33.2777777778
yfcc-batch20/15883,79.3783783784
yfcc-batch20/15886,67.7741935484
yfcc-batch20/15887,85.4324324324
yfcc-batch20/15891,72.1944444444
yfcc-batch20/15899,71.5882352941
yfcc-batch20/15900,63.0769230769
yfcc-batch20/15911,51.2051282051
yfcc-batch20/15913,54.1351351351
yfcc-batch20/15917,81.4411764706
yfcc-batch20/15923,74.4285714286
yfcc-batch20/15926,59.3421052632
yfcc-batch20/15934,65.0277777778
yfcc-batch20/15938,70.7222222222
yfcc-batch21/16770,67.0882352941
yfcc-batch21/16773,37.6571428571
yfcc-batch21/16783,75.6857142857
yfcc-batch21/16798,56.8285714286
yfcc-batch21/16805,82.2
yfcc-batch21/16812,82.9393939394
yfcc-batch21/16816,63.9473684211
yfcc-batch21/16822,74.6153846154
yfcc-batch21/16823,58
yfcc-batch21/16826,66.5555555556
yfcc-batch21/16828,81.5675675676
yfcc-batch21/16834,72.0810810811
yfcc-batch21/16836,72.1428571429
yfcc-batch21/16839,69.5151515152
yfcc-batch21/16841,77.4615384615
yfcc-batch21/16846,71.4285714286
yfcc-batch21/16853,69
yfcc-batch21/16868,70.3
yfcc-batch21/16869,72.6571428571
yfcc-batch21/16893,69.7777777778
yfcc-batch21/16895,72.7714285714
yfcc-batch21/16914,56.7837837838
yfcc-batch21/16926,31.4
yfcc-batch21/16928,69.8108108108
yfcc-batch21/16929,69.5897435897
yfcc-batch21/16931,80.1315789474
yfcc-batch21/16935,71.3611111111
yfcc-batch21/16946,47.8947368421
yfcc-batch21/16951,66.5428571429
yfcc-batch21/16957,47.7692307692
yfcc-batch21/16959,70.0263157895
yfcc-batch21/16958,61.4473684211
yfcc-batch21/16963,56.3714285714
yfcc-batch21/16968,70.2285714286
yfcc-batch21/16973,71.6388888889
yfcc-batch21/16974,58.972972973
yfcc-batch21/16986,55.5882352941
yfcc-batch21/16990,56.8333333333
yfcc-batch21/17002,77.6285714286
yfcc-batch21/17010,56.0810810811
yfcc-batch21/17009,63.8235294118
yfcc-batch21/17030,49.4285714286
yfcc-batch21/17036,61.7826086957
yfcc-batch21/17041,69.6111111111
yfcc-batch21/17045,69.641025641
yfcc-batch21/17054,66.6578947368
yfcc-batch21/17056,74.303030303
yfcc-batch21/17057,67.2432432432
yfcc-batch21/17072,66.7567567568
yfcc-batch21/17082,77.5555555556
yfcc-batch21/17114,68.8611111111
yfcc-batch21/17119,50.8918918919
yfcc-batch21/17130,83.7777777778
yfcc-batch21/17163,65.8611111111
yfcc-batch21/17182,62.0540540541
yfcc-batch21/17184,79.1388888889
yfcc-batch21/17192,41.8055555556
yfcc-batch21/17205,70.0769230769
yfcc-batch21/17206,62
yfcc-batch21/17212,43.972972973
yfcc-batch21/17214,73.6388888889
yfcc-batch21/17218,66.9743589744
yfcc-batch21/17217,69.7058823529
yfcc-batch21/16402,79.4
yfcc-batch21/16432,65.2857142857
yfcc-batch21/16434,62.8571428571
yfcc-batch21/16456,55.9189189189
yfcc-batch21/16458,80.0277777778
yfcc-batch21/16467,63.6
yfcc-batch21/16472,59.2571428571
yfcc-batch21/16491,50.0555555556
yfcc-batch21/16515,70.5
yfcc-batch21/16531,77.9166666667
yfcc-batch21/16536,76.5
yfcc-batch21/16564,66.4285714286
yfcc-batch21/16574,51.2368421053
yfcc-batch21/16593,63.1714285714
yfcc-batch21/16595,75.2285714286
yfcc-batch21/16602,64.5
yfcc-batch21/16608,66.8055555556
yfcc-batch21/16615,82.8648648649
yfcc-batch21/16618,68.1111111111
yfcc-batch21/16622,56.1714285714
yfcc-batch21/16623,57.0588235294
yfcc-batch21/16625,80.2631578947
yfcc-batch21/16643,62.0833333333
yfcc-batch21/16650,71.1052631579
yfcc-batch21/16661,62.0810810811
yfcc-batch21/16666,73.6923076923
yfcc-batch21/16671,78.4444444444
yfcc-batch21/16675,77.0555555556
yfcc-batch21/16683,73.2820512821
yfcc-batch21/16686,78.9722222222
yfcc-batch21/16687,70.1081081081
yfcc-batch21/16692,58.9705882353
yfcc-batch21/16694,71.3333333333
yfcc-batch21/16710,70.7428571429
yfcc-batch21/16738,50.6578947368
yfcc-batch21/16754,65.6176470588
yfcc-batch22/17606,54.8717948718
yfcc-batch22/17629,62.9444444444
yfcc-batch22/17639,63.0263157895
yfcc-batch22/17649,65.4285714286
yfcc-batch22/17663,35.1142857143
yfcc-batch22/17669,60.78125
yfcc-batch22/17673,65.3428571429
yfcc-batch22/17676,71.7435897436
yfcc-batch22/17678,70.4705882353
yfcc-batch22/17677,33.9743589744
yfcc-batch22/17679,68.4848484848
yfcc-batch22/17684,53.1764705882
yfcc-batch22/17693,54.1081081081
yfcc-batch22/17702,62.5945945946
yfcc-batch22/17712,74.9428571429
yfcc-batch22/17732,65.6756756757
yfcc-batch22/17747,57.9393939394
yfcc-batch22/17748,63.9444444444
yfcc-batch22/17755,62.914893617
yfcc-batch22/17758,41.2
yfcc-batch22/17767,72.6470588235
yfcc-batch22/17770,73.7647058824
yfcc-batch22/17782,61.512195122
yfcc-batch22/17794,69.0833333333
yfcc-batch22/17810,59.9142857143
yfcc-batch22/17815,62.3823529412
yfcc-batch22/17822,69.7428571429
yfcc-batch22/17829,77.5833333333
yfcc-batch22/17830,49.0789473684
yfcc-batch22/17869,32.1142857143
yfcc-batch22/17876,64.0303030303
yfcc-batch22/17882,67
yfcc-batch22/17887,79.1212121212
yfcc-batch22/17888,56.9142857143
yfcc-batch22/17892,55.7575757576
yfcc-batch22/17893,53.5833333333
yfcc-batch22/17895,65.8888888889
yfcc-batch22/17907,76.1714285714
yfcc-batch22/17908,71.7837837838
yfcc-batch22/17914,74.5757575758
yfcc-batch22/17943,77.6111111111
yfcc-batch22/17945,38.2
yfcc-batch22/17954,75.3428571429
yfcc-batch22/17957,72.6756756757
yfcc-batch22/17968,71.5428571429
yfcc-batch22/17969,75.1891891892
yfcc-batch22/17973,59.475
yfcc-batch22/17977,72.5142857143
yfcc-batch22/17989,76.7428571429
yfcc-batch22/17991,79.6764705882
yfcc-batch22/17999,49.84375
yfcc-batch22/18001,64.4117647059
yfcc-batch22/18006,48.8055555556
yfcc-batch22/18016,59.3333333333
yfcc-batch22/18020,52.4
yfcc-batch22/18023,67.4363636364
yfcc-batch22/18026,63.7058823529
yfcc-batch22/18031,78.4166666667
yfcc-batch22/18035,65.8787878788
yfcc-batch22/17890,55.2058823529
yfcc-batch22/17224,76.0285714286
yfcc-batch22/17228,71.3611111111
yfcc-batch22/17232,78
yfcc-batch22/17235,73.1891891892
yfcc-batch22/17249,67.1944444444
yfcc-batch22/17250,78.15
yfcc-batch22/17261,71.2352941176
yfcc-batch22/17264,72.1
yfcc-batch22/17279,68.2058823529
yfcc-batch22/17284,55.8333333333
yfcc-batch22/17289,64.3076923077
yfcc-batch22/17293,75.5294117647
yfcc-batch22/17307,35.3529411765
yfcc-batch22/17308,70.3611111111
yfcc-batch22/17317,67.9705882353
yfcc-batch22/17326,70.5625
yfcc-batch22/17337,70.375
yfcc-batch22/17339,58.6756756757
yfcc-batch22/17342,73.8461538462
yfcc-batch22/17348,66.5135135135
yfcc-batch22/17372,74.9411764706
yfcc-batch22/17380,52.3888888889
yfcc-batch22/17381,54.7317073171
yfcc-batch22/17383,62.8205128205
yfcc-batch22/17387,73.8571428571
yfcc-batch22/17386,64.2285714286
yfcc-batch22/17390,70.6388888889
yfcc-batch22/17392,69.1176470588
yfcc-batch22/17397,76.3333333333
yfcc-batch22/17412,69.5945945946
yfcc-batch22/17419,44.9411764706
yfcc-batch22/17423,49.4571428571
yfcc-batch22/17440,79.6875
yfcc-batch22/17443,63.4054054054
yfcc-batch22/17450,71.6595744681
yfcc-batch22/17461,70.8205128205
yfcc-batch22/17474,39.4
yfcc-batch22/17482,73.1351351351
yfcc-batch22/17486,67.0238095238
yfcc-batch22/17496,58.4444444444
yfcc-batch22/17515,57.5405405405
yfcc-batch22/17522,80.8571428571
yfcc-batch22/17531,76.027027027
yfcc-batch22/17549,41.1176470588
yfcc-batch22/17576,63.9117647059
yfcc-batch22/17580,62.3414634146
yfcc-batch23/18426,65.8653846154
yfcc-batch23/18427,74.5675675676
yfcc-batch23/18428,78.1052631579
yfcc-batch23/18436,69.6764705882
yfcc-batch23/18438,57.0555555556
yfcc-batch23/18444,61.9189189189
yfcc-batch23/18462,63.125
yfcc-batch23/18464,67.1428571429
yfcc-batch23/18465,66.4222222222
yfcc-batch23/18469,70.4571428571
yfcc-batch23/18484,71.2272727273
yfcc-batch23/18491,59.1081081081
yfcc-batch23/18495,75.8125
yfcc-batch23/18498,69.1470588235
yfcc-batch23/18521,73.5555555556
yfcc-batch23/18528,73.4594594595
yfcc-batch23/18533,55.3947368421
yfcc-batch23/18535,73.027027027
yfcc-batch23/18544,76.4375
yfcc-batch23/18561,76.880952381
yfcc-batch23/18570,66.696969697
yfcc-batch23/18591,54.6388888889
yfcc-batch23/18600,71
yfcc-batch23/18606,62.1944444444
yfcc-batch23/18610,61.7567567568
yfcc-batch23/18616,74.6764705882
yfcc-batch23/18619,68.8444444444
yfcc-batch23/18621,68.5882352941
yfcc-batch23/18623,72.4285714286
yfcc-batch23/18635,83.4
yfcc-batch23/18641,66.5454545455
yfcc-batch23/18648,66.85
yfcc-batch23/18649,69.9444444444
yfcc-batch23/18652,69.1111111111
yfcc-batch23/18654,50.8611111111
yfcc-batch23/18659,67.5945945946
yfcc-batch23/18666,67.8787878788
yfcc-batch23/18669,49.6111111111
yfcc-batch23/18673,77.7777777778
yfcc-batch23/18688,75.3235294118
yfcc-batch23/18693,71.7352941176
yfcc-batch23/18696,71.9090909091
yfcc-batch23/18706,51.5
yfcc-batch23/18713,70.0588235294
yfcc-batch23/18714,69.9166666667
yfcc-batch23/18724,50.0571428571
yfcc-batch23/18731,66.2647058824
yfcc-batch23/18734,73.8648648649
yfcc-batch23/18742,81.3428571429
yfcc-batch23/18748,74.2058823529
yfcc-batch23/18769,67.7916666667
yfcc-batch23/18778,71.2285714286
yfcc-batch23/18788,67.7575757576
yfcc-batch23/18796,71.7222222222
yfcc-batch23/18815,61.5757575758
yfcc-batch23/18823,56.6470588235
yfcc-batch23/18829,73.5897435897
yfcc-batch23/18835,61.8235294118
yfcc-batch23/18838,70.3636363636
yfcc-batch23/18405,74.5714285714
yfcc-batch23/18159,75
yfcc-batch23/18047,63.2368421053
yfcc-batch23/18049,68.28125
yfcc-batch23/18050,64.5428571429
yfcc-batch23/18053,66.0256410256
yfcc-batch23/18088,57.2857142857
yfcc-batch23/18090,62.8205128205
yfcc-batch23/18099,30.34375
yfcc-batch23/18111,69.3142857143
yfcc-batch23/18188,68.7428571429
yfcc-batch23/18189,71.6222222222
yfcc-batch23/18214,68.2666666667
yfcc-batch23/18218,83.2647058824
yfcc-batch23/18220,62.6363636364
yfcc-batch23/18225,65.5405405405
yfcc-batch23/18242,68.1470588235
yfcc-batch23/18245,72.1351351351
yfcc-batch23/18252,64.25
yfcc-batch23/18280,62.2352941176
yfcc-batch23/18285,63.0294117647
yfcc-batch23/18288,69.1621621622
yfcc-batch23/18297,61.4571428571
yfcc-batch23/18301,60.1428571429
yfcc-batch23/18312,65.7714285714
yfcc-batch23/18315,60.2857142857
yfcc-batch23/18323,48.0540540541
yfcc-batch23/18327,74.6494845361
yfcc-batch23/18337,76.3235294118
yfcc-batch23/18348,69.1621621622
yfcc-batch23/18352,75
yfcc-batch23/18367,66.5
yfcc-batch23/18380,73.2285714286
yfcc-batch23/18381,67.2162162162
yfcc-batch23/18382,68.1714285714
yfcc-batch23/18389,59.75
yfcc-batch23/18401,57.7352941176
yfcc-batch23/18402,75.4102564103
yfcc-batch23/18403,75.0731707317
yfcc-batch23/18404,45.5319148936
yfcc-batch24/19224,74.0476190476
yfcc-batch24/19230,66.5897435897
yfcc-batch24/19239,60.5641025641
yfcc-batch24/19272,70.4324324324
yfcc-batch24/19274,71.1351351351
yfcc-batch24/19280,69.2307692308
yfcc-batch24/19286,68.641025641
yfcc-batch24/19294,56.5348837209
yfcc-batch24/19304,62.7073170732
yfcc-batch24/19308,63.9487179487
yfcc-batch24/19310,77.3902439024
yfcc-batch24/19325,69.7804878049
yfcc-batch24/19327,71.9
yfcc-batch24/19328,71.1707317073
yfcc-batch24/19340,67.3
yfcc-batch24/19347,69.1025641026
yfcc-batch24/19353,66.2051282051
yfcc-batch24/19371,58.7368421053
yfcc-batch24/19374,63.5
yfcc-batch24/19378,69.0465116279
yfcc-batch24/19433,76.5609756098
yfcc-batch24/19442,78.8
yfcc-batch24/19449,70.5952380952
yfcc-batch24/19464,69.0243902439
yfcc-batch24/19472,64.3421052632
yfcc-batch24/19478,67.9302325581
yfcc-batch24/19497,69.7105263158
yfcc-batch24/19508,71.4390243902
yfcc-batch24/19512,64.6829268293
yfcc-batch24/19516,65.3902439024
yfcc-batch24/19520,72.4705882353
yfcc-batch24/19530,74.1219512195
yfcc-batch24/19541,68.7894736842
yfcc-batch24/19542,67.625
yfcc-batch24/19545,77.3939393939
yfcc-batch24/19550,73.6578947368
yfcc-batch24/19553,49.9230769231
yfcc-batch24/19555,67.6829268293
yfcc-batch24/19566,65.4871794872
yfcc-batch24/19570,70.9230769231
yfcc-batch24/19572,60.4761904762
yfcc-batch24/19577,53.8205128205
yfcc-batch24/19588,67.5405405405
yfcc-batch24/19602,65.0526315789
yfcc-batch24/19603,60.125
yfcc-batch24/19604,59.5789473684
yfcc-batch24/19619,72.9268292683
yfcc-batch24/19626,72.641025641
yfcc-batch24/19628,60.2564102564
yfcc-batch24/19638,52.05
yfcc-batch24/19643,65.1162790698
yfcc-batch24/19645,64.35
yfcc-batch24/19657,68.2162162162
yfcc-batch24/19658,74.4
yfcc-batch24/19661,69.6
yfcc-batch24/19665,63.2142857143
yfcc-batch24/19670,64.0256410256
yfcc-batch24/19678,69.5142857143
yfcc-batch24/19264,61.3333333333
yfcc-batch24/19235,67.9487179487
yfcc-batch24/19266,68.9090909091
yfcc-batch24/18866,68.5454545455
yfcc-batch24/18867,65.8048780488
yfcc-batch24/18868,80.65
yfcc-batch24/18870,79.0476190476
yfcc-batch24/18871,76.619047619
yfcc-batch24/18875,73.1666666667
yfcc-batch24/18879,77.9487179487
yfcc-batch24/18901,85.3421052632
yfcc-batch24/18908,68.9024390244
yfcc-batch24/18910,75.3902439024
yfcc-batch24/18915,76.9069767442
yfcc-batch24/18939,70.6153846154
yfcc-batch24/18961,66.5609756098
yfcc-batch24/18967,72.1951219512
yfcc-batch24/18970,65.0952380952
yfcc-batch24/18972,66.4473684211
yfcc-batch24/18974,67.95
yfcc-batch24/18975,68.2093023256
yfcc-batch24/18995,52.7948717949
yfcc-batch24/19026,76.3421052632
yfcc-batch24/19025,67.9
yfcc-batch24/19038,74.8974358974
yfcc-batch24/19041,65.3333333333
yfcc-batch24/19051,68.0263157895
yfcc-batch24/19053,72.4594594595
yfcc-batch24/19063,74.0243902439
yfcc-batch24/19080,75.05
yfcc-batch24/19081,69.7441860465
yfcc-batch24/19094,67.2820512821
yfcc-batch24/19114,54.55
yfcc-batch24/19116,68.0285714286
yfcc-batch24/19150,66.3
yfcc-batch24/19170,57.75
yfcc-batch24/19178,72.3243243243
yfcc-batch24/19186,66.2307692308
yfcc-batch24/19192,74.9756097561
yfcc-batch24/19207,62.7368421053
yfcc-batch24/19208,59.5
yfcc-batch24/19214,78.2105263158
yfcc-batch25/19683,67.6923076923
yfcc-batch25/19698,57.6666666667
yfcc-batch25/19701,62.9189189189
yfcc-batch25/19704,75.5714285714
yfcc-batch25/19713,51.5
yfcc-batch25/19717,71.1428571429
yfcc-batch25/19747,65.7027027027
yfcc-batch25/19749,76.0238095238
yfcc-batch25/19752,57.6590909091
yfcc-batch25/19753,65.1794871795
yfcc-batch25/19754,68.0714285714
yfcc-batch25/19772,74.5476190476
yfcc-batch25/19790,76.6315789474
yfcc-batch25/19791,51.9714285714
yfcc-batch25/19793,62.6904761905
yfcc-batch25/19795,77.7105263158
yfcc-batch25/19796,66.4871794872
yfcc-batch25/19807,66.0789473684
yfcc-batch25/19809,73.4615384615
yfcc-batch25/19813,82.0277777778
yfcc-batch25/19815,68
yfcc-batch25/19816,75.4102564103
yfcc-batch25/19832,66.6153846154
yfcc-batch25/19835,75.3333333333
yfcc-batch25/19837,82.2307692308
yfcc-batch25/19839,81.8157894737
yfcc-batch25/19844,72.7179487179
yfcc-batch25/19850,72.6153846154
yfcc-batch25/19853,83.4871794872
yfcc-batch25/19871,65.9736842105
yfcc-batch25/19884,71.725
yfcc-batch25/19885,67.487804878
backup/24959,83.2647058824
backup/24953,69.8333333333
backup/24987,40.1875
backup/24944,59.5666666667
backup/24970,70.2077922078
backup/24986,76.4848484848
backup/24937,85.4583333333
backup/24922,76.1296296296
backup/24927,75.389380531
backup/24931,75.785046729
backup/24923,48.15
backup/24936,72.8727272727
backup/24925,80.1538461538
backup/24973,64.6886792453
backup/24950,68.6198347107
backup/24943,69.5609756098
backup/24963,75.0526315789
backup/24948,59.9571428571
backup/24921,73.9850746269
backup2/b38,70.6
backup2/b60,67.5217391304
ia-batch1/youtube-3nZ920j6NUE,34.3333333333
ia-batch1/RustInRealLifeASignFromAbove,68.4411764706
ia-batch1/youtube-PgZygoWHWgY,73.4848484848
ia-batch1/Flickr-18809597123,62.9
ia-batch1/youtube-nN5Klhlv6WM,35.7741935484
ia-batch1/youtube_UCFQvlEwlTNm2r4EHdmYMrmA,71.1176470588
ia-batch1/youtube-dzLtHqr1qjA,67.6875
ia-batch1/youtube-7BTLsbpcSL4,74.3793103448
ia-batch1/thecosmonaut-tmtherituals004,67.8275862069
ia-batch1/Flickr-35096337152,55.09375
ia-batch1/youtube-BybpWzed600,64.6216216216
ia-batch1/youtube-xCsWYAGCmF8,75.2258064516
ia-batch1/thecosmonaut-r1p03,66.0285714286
ia-batch1/youtube-AwvRNqfw4J8,76.7837837838
ia-batch1/youtube-xZgSdbHnUSg,71.2727272727
ia-batch1/ytchannel-circle,48.3548387097
ia-batch1/youtube-y4pYmFvwcc8,54.3939393939
ia-batch1/youtube-PxSluo8pZRo,74.7
ia-batch1/youtube-OA5gGvuqNso,69.4
ia-batch1/youtube-a3uERixOOc,75.71875
ia-batch1/youtube-l6cuEKjD_2Y,58.7142857143
ia-batch1/youtube-653vc7YHFE8,75.696969697
ia-batch1/youtube-vB8gfzCMCYo,84.3461538462
ia-batch1/NRT_Farm_Day,74.6842105263
ia-batch1/DADDYDEREKSAIDWHAT,57.8125
ia-batch1/youtube-PHhJHJf49PQ,43.275862069
ia-batch1/Flickr-23843052062,74
ia-batch1/youtube-gG1ULps4am8,63.1
ia-batch1/Flickr-32820751473,65.9411764706
ia-batch1/bliptv-20131105-001718-Cbr-DCNationClip2YoungJusticeTheFix433,78.4857142857
ia-batch1/Flickr-26789848127,75.9375
ia-batch1/youtube-a9EbL35bN0A,51.46875
ia-batch1/vf_quickquestion_ep009_4000,73.6571428571
ia-batch1/youtube-L9d9HYQ87TE,53.6923076923
ia-batch1/cabesc_000325,51.875
ia-batch1/CIV5ThreeCivsBattleOnAMicroscopicMap,57.8888888889
ia-batch1/youtube-GcLkLfro3uE,73.28125
ia-batch2/youtube-W7b18B8yhj0,76.4615384615
ia-batch2/youtube-Ih2Pj1ZZm3E,76.0392156863
ia-batch2/thecosmonaut-s210,38.7450980392
ia-batch2/youtube-EUR5ChXKb6o,62.2037037037
ia-batch2/youtube_UCkaqF-7AO5ZHie0Rc-NEb2A,79.8125
ia-batch2/youtube-llyVAxSCK-8,69.5
ia-batch2/Pantacle.vidFilmzPeteScotteaLiquidCultureThEEAEthYrSsPt120052013WarningNudeOrNakedPeople_201404,58.2115384615
ia-batch2/SEVENMAYS,71.568627451
ia-batch2/nratv_danbongino-westand-20180525-social-2-oc,82.4150943396
ia-batch2/youtube-xp_EkA3uyVU,81.1153846154
ia-batch2/youtube-USElwJ2iRdI,64.0408163265
ia-batch2/youtube-g14LUtDs-CU,44.5490196078
ia-batch2/bliptv-20131013-175305-Ballislife-CrazyHighlightsBallUpStreetballTeamVsHoustonBoneCollecto722,74.679245283
ia-batch2/bliptv-20131014-132927-Cgbenzine-BackgroundMusic575,81.7272727273
ia-batch2/youtube-rrc_zKnTfG0,53.0943396226
ia-batch2/dom-11219-1-cc-smpl012-swans-1287,69.3333333333
ia-batch2/bliptv-20131014-080225-Ballislife-67JordanMickeyOfficialMixBestAthleteInClassOf2013909,68.04
ia-batch2/youtube-PI1okkNKh1E,75.6222222222
ia-batch2/Flickr-33430911216,46.4074074074
ia-batch2/WinkSound-ProToolsHowToFavoriteYourPlugins265,74.6595744681
ia-batch2/youtube-KsyrANPkXBM,68.7843137255
ia-batch2/YUANSHAOTheAlliedLeaderTotalWarThreeKingdomsWarlordLegends,82.5918367347
ia-batch2/VID20150324184144881,37.5106382979
ia-batch2/youtube-YxTfzOQLwsQ,64.4166666667
ia-batch2/youtube-D96hPIroy8M,52.0909090909
ia-batch2/youtube-68cITZhbcK4,67.1320754717
ia-batch3/youtube-9M9wlu3L0EM,46.3333333333
ia-batch3/PvPNowVS6YearsAgo,62.4864864865
ia-batch3/youtube-gr4-EM1NDx8,45.0222222222
